"site","date","value","usable"
"Toronto Ashbridges Bay","2021-02-11","33.238016828167403",TRUE
"Toronto Ashbridges Bay","2021-02-14","4.9475554573012896",TRUE
"Toronto Ashbridges Bay","2021-02-16","26.0505217796292",TRUE
"Toronto Ashbridges Bay","2021-02-18","26.9330495680775",TRUE
"Toronto Ashbridges Bay","2021-02-22","28.1712344334363",TRUE
"Toronto Ashbridges Bay","2021-02-23","13.8197076148831",TRUE
"Toronto Ashbridges Bay","2021-02-25","25.195417324421001",TRUE
"Toronto Ashbridges Bay","2021-02-28","29.585367256004499",TRUE
"Toronto Ashbridges Bay","2021-03-02","16.957429995183599",TRUE
"Toronto Ashbridges Bay","2021-03-04","12.944053551070599",TRUE
"Toronto Ashbridges Bay","2021-03-07","17.611646934861898",TRUE
"Toronto Ashbridges Bay","2021-03-09","20.1196195738661",TRUE
"Toronto Ashbridges Bay","2021-03-11","15.772873320878899",TRUE
"Toronto Ashbridges Bay","2021-03-14","25.2447774590553",TRUE
"Toronto Ashbridges Bay","2021-03-16","47.542815779153202",TRUE
"Toronto Ashbridges Bay","2021-03-18","60.846043421366502",TRUE
"Toronto Ashbridges Bay","2021-03-21","44.247736352020098",TRUE
"Toronto Ashbridges Bay","2021-03-23","53.144771067361503",TRUE
"Toronto Ashbridges Bay","2021-03-25","69.626002444867098",TRUE
"Toronto Ashbridges Bay","2021-03-28","18.9282284027366",TRUE
"Toronto Ashbridges Bay","2021-03-30","54.951843436958598",TRUE
"Toronto Ashbridges Bay","2021-04-01","72.994137566919306",TRUE
"Toronto Ashbridges Bay","2021-04-04","93.261980847015096",TRUE
"Toronto Ashbridges Bay","2021-04-06","81.934397285534502",TRUE
"Toronto Ashbridges Bay","2021-04-08","93.355907062468802",TRUE
"Toronto Ashbridges Bay","2021-04-11","70.836149112241898",TRUE
"Toronto Ashbridges Bay","2021-04-13","33.785555829731003",TRUE
"Toronto Ashbridges Bay","2021-04-15","81.047591849427207",TRUE
"Toronto Ashbridges Bay","2021-04-18","40.166693286593201",TRUE
"Toronto Ashbridges Bay","2021-04-20","88.2960497886057",TRUE
"Toronto Ashbridges Bay","2021-04-22","77.591158369437807",TRUE
"Toronto Ashbridges Bay","2021-04-25","84.236779327266504",TRUE
"Toronto Ashbridges Bay","2021-04-27","91.013533641736998",TRUE
"Toronto Ashbridges Bay","2021-04-29","73.085115145115694",TRUE
"Toronto Ashbridges Bay","2021-05-02","50.245242182368202",TRUE
"Toronto Ashbridges Bay","2021-05-04","44.429321396883999",TRUE
"Toronto Ashbridges Bay","2021-05-09","62.675829529578301",TRUE
"Toronto Ashbridges Bay","2021-05-11","56.217492749539801",TRUE
"Toronto Ashbridges Bay","2021-05-16","54.566398086945703",TRUE
"Toronto Ashbridges Bay","2021-05-18","39.1514726026099",TRUE
"Toronto Ashbridges Bay","2021-05-23","12.345172148274401",TRUE
"Toronto Ashbridges Bay","2021-05-25","8.4842724342646498",TRUE
"Toronto Ashbridges Bay","2021-05-30","23.959187760106001",TRUE
"Toronto Ashbridges Bay","2021-06-01","9.8507107443406596",TRUE
"Toronto Ashbridges Bay","2021-06-06","10.174242371620601",TRUE
"Toronto Ashbridges Bay","2021-06-10","9.7436053601419808",TRUE
"Toronto Ashbridges Bay","2021-06-13","5.4507351580371504",TRUE
"Toronto Ashbridges Bay","2021-06-15","7.66417080014139",TRUE
"Toronto Ashbridges Bay","2021-06-20","0.0054886866065896999",TRUE
"Toronto Ashbridges Bay","2021-06-22","8.7343950925413303",TRUE
"Toronto Ashbridges Bay","2021-06-27","3.9139177071070499",TRUE
"Toronto Ashbridges Bay","2021-06-29","1.02952835830212",TRUE
"Toronto Ashbridges Bay","2021-07-04","1.6037711153974801",TRUE
"Toronto Ashbridges Bay","2021-07-06","2.69187918589799",TRUE
"Toronto Ashbridges Bay","2021-07-11","4.3737447152383604",TRUE
"Toronto Ashbridges Bay","2021-07-15","3.1358414714648202",TRUE
"Toronto Ashbridges Bay","2021-07-18","0.74757221149059505",TRUE
"Toronto Ashbridges Bay","2021-07-20","2.89506415161499",TRUE
"Toronto Ashbridges Bay","2021-07-25","2.7221616150697101",TRUE
"Toronto Ashbridges Bay","2021-07-27","3.8641584088104901",TRUE
"Toronto Ashbridges Bay","2021-08-01","3.0480114266465401",TRUE
"Toronto Ashbridges Bay","2021-08-03","8.8511614113985306",TRUE
"Toronto Ashbridges Bay","2021-08-08","16.740005014676399",TRUE
"Toronto Ashbridges Bay","2021-08-10","26.355499843140599",TRUE
"Toronto Ashbridges Bay","2021-08-15","27.4586203416189",TRUE
"Toronto Ashbridges Bay","2021-08-17","42.978810416912701",TRUE
"Toronto Ashbridges Bay","2021-08-22","15.0883419329265",TRUE
"Toronto Ashbridges Bay","2021-08-24","6.3835422789596796",TRUE
"Toronto Ashbridges Bay","2021-08-29","108.359290498297",TRUE
"Toronto Ashbridges Bay","2021-09-12","28.654623531392701",TRUE
"Toronto Ashbridges Bay","2021-09-14","18.5037141870644",TRUE
"Toronto Ashbridges Bay","2021-09-19","11.956577114186899",TRUE
"Toronto Ashbridges Bay","2021-09-21","11.837876623828199",TRUE
"Toronto Ashbridges Bay","2021-09-26","3.9295201560183801",TRUE
"Toronto Ashbridges Bay","2021-09-28","16.056067079662999",TRUE
"Toronto Ashbridges Bay","2021-10-03","8.5277814594248902",TRUE
"Toronto Ashbridges Bay","2021-10-05","5.8338953284449104",TRUE
"Toronto Ashbridges Bay","2021-10-10","2.7555076274026602",TRUE
"Toronto Ashbridges Bay","2021-10-12","9.1118591890310796",TRUE
"Toronto Ashbridges Bay","2021-10-17","14.0222288217224",TRUE
"Toronto Ashbridges Bay","2021-10-19","8.5935414031589197",TRUE
"Toronto Ashbridges Bay","2021-10-24","5.5473672311196403",TRUE
"Toronto Ashbridges Bay","2021-10-26","4.68062582085859",TRUE
"Toronto Ashbridges Bay","2021-10-31","1.95748834809201",TRUE
"Toronto Ashbridges Bay","2021-11-02","44.715964424303102",TRUE
"Toronto Ashbridges Bay","2021-11-07","10.031534616863301",TRUE
"Toronto Ashbridges Bay","2021-11-09","9.2916868730070892",TRUE
"Toronto Ashbridges Bay","2021-11-14","4.6348007912094902",TRUE
"Toronto Ashbridges Bay","2021-11-16","2.8655285696323798",TRUE
"Toronto Ashbridges Bay","2021-11-21","7.0039772408510101",TRUE
"Toronto Ashbridges Bay","2021-11-23","7.4814951897183404",TRUE
"Toronto Ashbridges Bay","2021-11-28","10.7482427145651",TRUE
"Toronto Ashbridges Bay","2021-11-30","7.1513980251651104",TRUE
"Toronto Ashbridges Bay","2021-12-05","22.133876190630701",TRUE
"Toronto Ashbridges Bay","2021-12-07","12.7481221155535",TRUE
"Toronto Ashbridges Bay","2021-12-12","24.030419524913199",TRUE
"Toronto Ashbridges Bay","2021-12-14","55.6149443632534",TRUE
"Toronto Ashbridges Bay","2021-12-19","121.03294666211001",TRUE
"Toronto Ashbridges Bay","2021-12-21","125.186829219983",TRUE
"Toronto Ashbridges Bay","2021-12-26","263.61856162460498",TRUE
"Toronto Ashbridges Bay","2021-12-28","391.72149185192598",TRUE
"Toronto Highland Creek","2021-02-11","32.711260471277598",TRUE
"Toronto Highland Creek","2021-02-16","28.145274848755999",TRUE
"Toronto Highland Creek","2021-02-18","5.6102731793329204",TRUE
"Toronto Highland Creek","2021-02-22","10.307064102009299",TRUE
"Toronto Highland Creek","2021-02-23","31.860864833672899",TRUE
"Toronto Highland Creek","2021-02-25","40.815939990001901",TRUE
"Toronto Highland Creek","2021-02-28","51.228012834744597",TRUE
"Toronto Highland Creek","2021-03-02","14.7998835822263",TRUE
"Toronto Highland Creek","2021-03-04","42.615788270542403",TRUE
"Toronto Highland Creek","2021-03-07","39.578117878196302",TRUE
"Toronto Highland Creek","2021-03-09","21.5753584776302",TRUE
"Toronto Highland Creek","2021-03-11","68.931865368159507",TRUE
"Toronto Highland Creek","2021-03-14","69.065743405521502",TRUE
"Toronto Highland Creek","2021-03-16","40.800509907607498",TRUE
"Toronto Highland Creek","2021-03-18","143.711035921253",TRUE
"Toronto Highland Creek","2021-03-21","91.105466363963401",TRUE
"Toronto Highland Creek","2021-03-23","133.55230784943899",TRUE
"Toronto Highland Creek","2021-03-25","226.80967371190499",TRUE
"Toronto Highland Creek","2021-03-28","59.823979270363097",TRUE
"Toronto Highland Creek","2021-03-30","110.229767739407",TRUE
"Toronto Highland Creek","2021-04-01","166.515042326947",TRUE
"Toronto Highland Creek","2021-04-04","168.82627033317499",TRUE
"Toronto Highland Creek","2021-04-06","131.20147659545501",TRUE
"Toronto Highland Creek","2021-04-08","253.04234889545",TRUE
"Toronto Highland Creek","2021-04-11","458.493599539081",TRUE
"Toronto Highland Creek","2021-04-13","166.194059131133",TRUE
"Toronto Highland Creek","2021-04-15","280.03761597657001",TRUE
"Toronto Highland Creek","2021-04-18","206.42678506367801",TRUE
"Toronto Highland Creek","2021-04-20","256.13550638075299",TRUE
"Toronto Highland Creek","2021-04-22","405.44824651814599",TRUE
"Toronto Highland Creek","2021-04-25","162.26924433284901",TRUE
"Toronto Highland Creek","2021-04-27","127.57118862983",TRUE
"Toronto Highland Creek","2021-04-29","170.359767128485",TRUE
"Toronto Highland Creek","2021-05-02","145.223773240958",TRUE
"Toronto Highland Creek","2021-05-04","178.90667537269101",TRUE
"Toronto Highland Creek","2021-05-09","59.373402977901101",TRUE
"Toronto Highland Creek","2021-05-11","51.179384375886997",TRUE
"Toronto Highland Creek","2021-05-16","71.297570611718101",TRUE
"Toronto Highland Creek","2021-05-18","142.32771284672501",TRUE
"Toronto Highland Creek","2021-05-23","183.305336426107",TRUE
"Toronto Highland Creek","2021-05-25","26.215122413262801",TRUE
"Toronto Highland Creek","2021-05-30","30.046543158032499",TRUE
"Toronto Highland Creek","2021-06-01","32.223330215884602",TRUE
"Toronto Highland Creek","2021-06-06","9.1398041575775508",TRUE
"Toronto Highland Creek","2021-06-10","22.4300766803707",TRUE
"Toronto Highland Creek","2021-06-13","11.242653550317799",TRUE
"Toronto Highland Creek","2021-06-15","14.2155401564053",TRUE
"Toronto Highland Creek","2021-06-20","8.5633139467748993",TRUE
"Toronto Highland Creek","2021-06-22","11.143838080280799",TRUE
"Toronto Highland Creek","2021-06-27","5.8788739895739397",TRUE
"Toronto Highland Creek","2021-06-29","3.38256964540868",TRUE
"Toronto Highland Creek","2021-07-04","2.58448096118829",TRUE
"Toronto Highland Creek","2021-07-06","3.23258520044693",TRUE
"Toronto Highland Creek","2021-07-11","3.7056061203083899",TRUE
"Toronto Highland Creek","2021-07-15","1.8291584017358",TRUE
"Toronto Highland Creek","2021-07-18","6.5534576855181399",TRUE
"Toronto Highland Creek","2021-07-20","2.5028478271883299",TRUE
"Toronto Highland Creek","2021-07-25","3.5390480876058299",TRUE
"Toronto Highland Creek","2021-07-27","41.816768721898498",TRUE
"Toronto Highland Creek","2021-08-01","2.07712742091939",TRUE
"Toronto Highland Creek","2021-08-03","12.569407715656",TRUE
"Toronto Highland Creek","2021-08-08","7.3657068868429496",TRUE
"Toronto Highland Creek","2021-08-10","16.7747795505394",TRUE
"Toronto Highland Creek","2021-08-15","22.250867909710902",TRUE
"Toronto Highland Creek","2021-08-17","26.9705562821356",TRUE
"Toronto Highland Creek","2021-08-22","20.049470182742599",TRUE
"Toronto Highland Creek","2021-08-24","15.3235151545904",TRUE
"Toronto Highland Creek","2021-08-29","13.6736354604512",TRUE
"Toronto Highland Creek","2021-09-12","25.0890387214911",TRUE
"Toronto Highland Creek","2021-09-14","19.361290708614099",TRUE
"Toronto Highland Creek","2021-09-19","12.4015533150239",TRUE
"Toronto Highland Creek","2021-09-21","55.097012602615202",TRUE
"Toronto Highland Creek","2021-09-26","12.763526982965701",TRUE
"Toronto Highland Creek","2021-09-28","13.541945213613801",TRUE
"Toronto Highland Creek","2021-10-03","6.0511768878929599",TRUE
"Toronto Highland Creek","2021-10-05","15.3253590454033",TRUE
"Toronto Highland Creek","2021-10-10","4.32642068537423",TRUE
"Toronto Highland Creek","2021-10-12","3.16575518411114",TRUE
"Toronto Highland Creek","2021-10-17","10.6706471656163",TRUE
"Toronto Highland Creek","2021-10-19","11.687312393759001",TRUE
"Toronto Highland Creek","2021-10-24","6.1153218638334197",TRUE
"Toronto Highland Creek","2021-10-26","8.7295774315766206",TRUE
"Toronto Highland Creek","2021-10-31","5.3887916276664196",TRUE
"Toronto Highland Creek","2021-11-02","11.7909442489154",TRUE
"Toronto Highland Creek","2021-11-07","4.0771124981996403",TRUE
"Toronto Highland Creek","2021-11-09","23.1555399217198",TRUE
"Toronto Highland Creek","2021-11-14","9.5034919851659705",TRUE
"Toronto Highland Creek","2021-11-16","20.931828955106401",TRUE
"Toronto Highland Creek","2021-11-21","10.0732162638659",TRUE
"Toronto Highland Creek","2021-11-23","21.506831245326499",TRUE
"Toronto Highland Creek","2021-11-28","18.537037263052699",TRUE
"Toronto Highland Creek","2021-12-05","9.66657596026295",TRUE
"Toronto Highland Creek","2021-12-07","10.8962068009701",TRUE
"Toronto Highland Creek","2021-12-12","18.056675777749799",TRUE
"Toronto Highland Creek","2021-12-14","38.325396711254598",TRUE
"Toronto Highland Creek","2021-12-21","104.166876023782",TRUE
"Toronto Highland Creek","2021-12-26","162.01382133024501",TRUE
"Toronto Highland Creek","2021-12-28","476.73981458165298",TRUE
"Toronto Humber","2021-02-11","95.934787913359699",TRUE
"Toronto Humber","2021-02-14","36.6415499605341",TRUE
"Toronto Humber","2021-02-16","44.796115837093801",TRUE
"Toronto Humber","2021-02-18","53.862678773142399",TRUE
"Toronto Humber","2021-02-22","81.717482587952702",TRUE
"Toronto Humber","2021-02-23","24.9762906923903",TRUE
"Toronto Humber","2021-02-25","34.279439411151202",TRUE
"Toronto Humber","2021-02-28","35.281336996301697",TRUE
"Toronto Humber","2021-03-02","21.950896755552002",TRUE
"Toronto Humber","2021-03-04","26.350036029403402",TRUE
"Toronto Humber","2021-03-07","20.686340172770599",TRUE
"Toronto Humber","2021-03-09","23.087968071017201",TRUE
"Toronto Humber","2021-03-11","52.327639125935598",TRUE
"Toronto Humber","2021-03-14","30.685736089930401",TRUE
"Toronto Humber","2021-03-16","45.428039979850901",TRUE
"Toronto Humber","2021-03-18","54.826353416893902",TRUE
"Toronto Humber","2021-03-21","52.268986716760601",TRUE
"Toronto Humber","2021-03-23","284.13162093023999",TRUE
"Toronto Humber","2021-03-25","90.708252181852899",TRUE
"Toronto Humber","2021-03-28","51.269714107922702",TRUE
"Toronto Humber","2021-03-30","83.126252327786702",TRUE
"Toronto Humber","2021-04-01","93.681474034902294",TRUE
"Toronto Humber","2021-04-04","188.56461237208799",TRUE
"Toronto Humber","2021-04-06","89.880438605899499",TRUE
"Toronto Humber","2021-04-08","124.95829014539",TRUE
"Toronto Humber","2021-04-11","78.946736040758594",TRUE
"Toronto Humber","2021-04-13","66.674748562721106",TRUE
"Toronto Humber","2021-04-15","159.52278090558599",TRUE
"Toronto Humber","2021-04-18","79.345727091619096",TRUE
"Toronto Humber","2021-04-20","748.85377511389197",TRUE
"Toronto Humber","2021-04-22","291.30738702037502",TRUE
"Toronto Humber","2021-04-25","740.45673672542603",TRUE
"Toronto Humber","2021-04-27","125.53754986235801",TRUE
"Toronto Humber","2021-04-29","160.94869962037899",TRUE
"Toronto Humber","2021-05-02","98.785793946421805",TRUE
"Toronto Humber","2021-05-04","431.29025496589099",TRUE
"Toronto Humber","2021-05-09","106.49944747056701",TRUE
"Toronto Humber","2021-05-11","95.056771508079805",TRUE
"Toronto Humber","2021-05-16","47.321528743912097",TRUE
"Toronto Humber","2021-05-18","111.844547953117",TRUE
"Toronto Humber","2021-05-23","14.5461993104405",TRUE
"Toronto Humber","2021-05-25","43.2465674418821",TRUE
"Toronto Humber","2021-05-30","56.5830242766216",TRUE
"Toronto Humber","2021-06-01","41.820985146644297",TRUE
"Toronto Humber","2021-06-06","8.6926314568718297",TRUE
"Toronto Humber","2021-06-10","4.2238381218067502",TRUE
"Toronto Humber","2021-06-13","32.371738306047298",TRUE
"Toronto Humber","2021-06-15","39.143279922927",TRUE
"Toronto Humber","2021-06-20","6.9710435907440296",TRUE
"Toronto Humber","2021-06-22","4.5551552212208302",TRUE
"Toronto Humber","2021-06-27","3.56784594496132",TRUE
"Toronto Humber","2021-06-29","2.2538086094355201",TRUE
"Toronto Humber","2021-07-04","1.92078263403754",TRUE
"Toronto Humber","2021-07-06","50.810847423600997",TRUE
"Toronto Humber","2021-07-11","1.16227792849802",TRUE
"Toronto Humber","2021-07-15","4.1445955178174403",TRUE
"Toronto Humber","2021-07-18","8.4492526812581694",TRUE
"Toronto Humber","2021-07-20","8.9333842993326904",TRUE
"Toronto Humber","2021-07-25","9.1671443475832994",TRUE
"Toronto Humber","2021-08-01","10.125239703907599",TRUE
"Toronto Humber","2021-08-03","16.619562976681902",TRUE
"Toronto Humber","2021-08-08","12.6128694590811",TRUE
"Toronto Humber","2021-08-10","13.957652722418",TRUE
"Toronto Humber","2021-08-15","63.854857418637003",TRUE
"Toronto Humber","2021-08-17","30.688878088919999",TRUE
"Toronto Humber","2021-08-22","22.116857841433401",TRUE
"Toronto Humber","2021-08-24","22.156577122827301",TRUE
"Toronto Humber","2021-08-29","15.9144480258733",TRUE
"Toronto Humber","2021-09-12","19.012471222491602",TRUE
"Toronto Humber","2021-09-14","17.599002208413602",TRUE
"Toronto Humber","2021-09-19","36.4023824960965",TRUE
"Toronto Humber","2021-09-21","30.513046313513399",TRUE
"Toronto Humber","2021-09-26","19.149112312874198",TRUE
"Toronto Humber","2021-09-28","16.936570964069599",TRUE
"Toronto Humber","2021-10-03","18.230095383368099",TRUE
"Toronto Humber","2021-10-05","13.378357366924901",TRUE
"Toronto Humber","2021-10-10","4.2603010152931198",TRUE
"Toronto Humber","2021-10-12","7.5812228888819604",TRUE
"Toronto Humber","2021-10-17","11.0507230257641",TRUE
"Toronto Humber","2021-10-19","11.3136042507653",TRUE
"Toronto Humber","2021-10-24","4.7919634864803697",TRUE
"Toronto Humber","2021-10-26","5.6212816823390801",TRUE
"Toronto Humber","2021-10-31","8.9597109236570294",TRUE
"Toronto Humber","2021-11-02","5.7729753128583301",TRUE
"Toronto Humber","2021-11-07","1.2630598818629599",TRUE
"Toronto Humber","2021-11-09","52.189203467605999",TRUE
"Toronto Humber","2021-11-14","4.2140206763287598",TRUE
"Toronto Humber","2021-11-16","5.0324745246628604",TRUE
"Toronto Humber","2021-11-21","11.6175631296811",TRUE
"Toronto Humber","2021-11-23","19.3827311950715",TRUE
"Toronto Humber","2021-11-28","140.51647236377599",TRUE
"Toronto Humber","2021-11-30","19.584921720656201",TRUE
"Toronto Humber","2021-12-05","16.6090833917347",TRUE
"Toronto Humber","2021-12-07","30.763387093737698",TRUE
"Toronto Humber","2021-12-12","86.888389779350902",TRUE
"Toronto Humber","2021-12-14","29.952298167879999",TRUE
"Toronto Humber","2021-12-19","282.90241853212802",TRUE
"Toronto Humber","2021-12-21","104.334236419615",TRUE
"Toronto Humber","2021-12-26","210.42366569545399",TRUE
"Toronto Humber","2021-12-28","319.35738460895698",TRUE
"Toronto North Toronto","2021-02-11","31.5193498075386",TRUE
"Toronto North Toronto","2021-02-14","13.395926197173299",TRUE
"Toronto North Toronto","2021-02-16","7.4797419436291301",TRUE
"Toronto North Toronto","2021-02-18","9.1187396435907804",TRUE
"Toronto North Toronto","2021-02-22","6.1176705104467297",TRUE
"Toronto North Toronto","2021-02-23","5.7680444292975599",TRUE
"Toronto North Toronto","2021-02-25","8.7109688022482494",TRUE
"Toronto North Toronto","2021-02-28","8.8856472033678404",TRUE
"Toronto North Toronto","2021-03-02","2.6786591568745899",TRUE
"Toronto North Toronto","2021-03-04","4.6746491626126598",TRUE
"Toronto North Toronto","2021-03-07","5.6493702411747",TRUE
"Toronto North Toronto","2021-03-09","12.233224933382999",TRUE
"Toronto North Toronto","2021-03-11","16.722402937988502",TRUE
"Toronto North Toronto","2021-03-14","42.267746505957",TRUE
"Toronto North Toronto","2021-03-16","30.9731042548487",TRUE
"Toronto North Toronto","2021-03-18","93.054669824853306",TRUE
"Toronto North Toronto","2021-03-21","28.969328578625699",TRUE
"Toronto North Toronto","2021-03-23","108.168673399996",TRUE
"Toronto North Toronto","2021-03-25","57.978942322779602",TRUE
"Toronto North Toronto","2021-03-28","32.104174710244997",TRUE
"Toronto North Toronto","2021-03-30","31.192014964698199",TRUE
"Toronto North Toronto","2021-04-01","28.006833362019002",TRUE
"Toronto North Toronto","2021-04-04","113.95688983397299",TRUE
"Toronto North Toronto","2021-04-06","30.670255581185",TRUE
"Toronto North Toronto","2021-04-08","79.347737786195296",TRUE
"Toronto North Toronto","2021-04-11","104.348026067097",TRUE
"Toronto North Toronto","2021-04-13","19.2090432505961",TRUE
"Toronto North Toronto","2021-04-15","40.128505792437601",TRUE
"Toronto North Toronto","2021-04-18","35.990045597778398",TRUE
"Toronto North Toronto","2021-04-20","82.579303092556799",TRUE
"Toronto North Toronto","2021-04-22","168.78150769319399",TRUE
"Toronto North Toronto","2021-04-25","77.303380408257098",TRUE
"Toronto North Toronto","2021-04-27","55.4290484512943",TRUE
"Toronto North Toronto","2021-04-29","81.907662512942295",TRUE
"Toronto North Toronto","2021-05-02","29.948192263680699",TRUE
"Toronto North Toronto","2021-05-04","39.404369000806099",TRUE
"Toronto North Toronto","2021-05-09","33.086215320845199",TRUE
"Toronto North Toronto","2021-05-11","17.0809952012211",TRUE
"Toronto North Toronto","2021-05-16","16.403115714981901",TRUE
"Toronto North Toronto","2021-05-18","26.165325967591102",TRUE
"Toronto North Toronto","2021-05-23","7.75554918125375",TRUE
"Toronto North Toronto","2021-05-25","11.0577874204397",TRUE
"Toronto North Toronto","2021-05-30","4.3916465273255696",TRUE
"Toronto North Toronto","2021-06-01","6.55379733510562",TRUE
"Toronto North Toronto","2021-06-06","1.7695986390671401",TRUE
"Toronto North Toronto","2021-06-10","27.504199031925602",TRUE
"Toronto North Toronto","2021-06-13","1.2619412445598499",TRUE
"Toronto North Toronto","2021-06-15","0.0054886866065896999",TRUE
"Toronto North Toronto","2021-06-20","1.6691559112718299",TRUE
"Toronto North Toronto","2021-06-22","1.99847044485184",TRUE
"Toronto North Toronto","2021-06-27","3.4618180806829599",TRUE
"Toronto North Toronto","2021-06-29","2.1378467927381499",TRUE
"Toronto North Toronto","2021-07-04","1.3977030223596301",TRUE
"Toronto North Toronto","2021-07-06","0.0054886866065896999",TRUE
"Toronto North Toronto","2021-07-11","0.0054886866065896999",TRUE
"Toronto North Toronto","2021-07-15","0.0054886866065896999",TRUE
"Toronto North Toronto","2021-07-18","0.90905396225372104",TRUE
"Toronto North Toronto","2021-07-20","0.0054886866065896999",TRUE
"Toronto North Toronto","2021-07-25","0.0054886866065896999",TRUE
"Toronto North Toronto","2021-07-27","1.1084993496740601",TRUE
"Toronto North Toronto","2021-08-01","1.2891168290686901",TRUE
"Toronto North Toronto","2021-08-03","1.05636492995047",TRUE
"Toronto North Toronto","2021-08-08","6.6698257426705396",TRUE
"Toronto North Toronto","2021-08-10","15.1573982412965",TRUE
"Toronto North Toronto","2021-08-15","27.460744569594802",TRUE
"Toronto North Toronto","2021-08-17","12.6277979327024",TRUE
"Toronto North Toronto","2021-08-22","7.2552731973470799",TRUE
"Toronto North Toronto","2021-08-24","14.518091660769199",TRUE
"Toronto North Toronto","2021-08-29","6.87594103296124",TRUE
"Toronto North Toronto","2021-09-12","29.473657916842999",TRUE
"Toronto North Toronto","2021-09-14","48.826234358116501",TRUE
"Toronto North Toronto","2021-09-19","11.4974230767307",TRUE
"Toronto North Toronto","2021-09-21","14.142504269539099",TRUE
"Toronto North Toronto","2021-09-26","16.128660122855401",TRUE
"Toronto North Toronto","2021-09-28","9.9966491800599595",TRUE
"Toronto North Toronto","2021-10-03","6.3190403167257196",TRUE
"Toronto North Toronto","2021-10-05","6.07983604198043",TRUE
"Toronto North Toronto","2021-10-10","4.9674810925723403",TRUE
"Toronto North Toronto","2021-10-12","9.2336968881377803",TRUE
"Toronto North Toronto","2021-10-17","17.488908030717901",TRUE
"Toronto North Toronto","2021-10-19","6.6250719503812103",TRUE
"Toronto North Toronto","2021-10-24","5.7260993286038202",TRUE
"Toronto North Toronto","2021-10-26","2.8190359674245502",TRUE
"Toronto North Toronto","2021-10-31","6.39608286723338",TRUE
"Toronto North Toronto","2021-11-02","1.4832684288004301",TRUE
"Toronto North Toronto","2021-11-07","2.00078657323902",TRUE
"Toronto North Toronto","2021-11-09","4.98998303311879",TRUE
"Toronto North Toronto","2021-11-14","2.8370005716355799",TRUE
"Toronto North Toronto","2021-11-16","3.1671627380644001",TRUE
"Toronto North Toronto","2021-11-21","6.1394682642591896",TRUE
"Toronto North Toronto","2021-11-23","9.8320058324207906",TRUE
"Toronto North Toronto","2021-11-28","9.5089419823634493",TRUE
"Toronto North Toronto","2021-11-30","7.3754526795861599",TRUE
"Toronto North Toronto","2021-12-05","29.810875713367398",TRUE
"Toronto North Toronto","2021-12-07","25.6505539444824",TRUE
"Toronto North Toronto","2021-12-12","36.563686113295503",TRUE
"Toronto North Toronto","2021-12-14","52.538659344887201",TRUE
"Toronto North Toronto","2021-12-19","58.273349792326101",TRUE
"Toronto North Toronto","2021-12-21","93.965673626681905",TRUE
"Toronto North Toronto","2021-12-26","223.140251390759",TRUE
"Toronto North Toronto","2021-12-28","137.58635685717201",TRUE
