"date","age_group","cases","deaths"
"2020-07-29","0-18",4,0
"2020-07-29","18-40",7,0
"2020-07-29","40-65",2,0
"2020-07-29","65+",7,0
"2020-07-30","0-18",6,0
"2020-07-30","18-40",5,0
"2020-07-30","40-65",1,0
"2020-07-30","65+",7,0
"2020-07-31","0-18",6,0
"2020-07-31","18-40",8,0
"2020-07-31","40-65",2,0
"2020-07-31","65+",2,0
"2020-08-01","0-18",5,0
"2020-08-01","18-40",7,0
"2020-08-01","40-65",2,0
"2020-08-01","65+",1,0
"2020-08-02","0-18",0,0
"2020-08-02","18-40",1,0
"2020-08-02","40-65",1,0
"2020-08-02","65+",0,0
"2020-08-03","0-18",4,0
"2020-08-03","18-40",2,0
"2020-08-03","40-65",2,0
"2020-08-03","65+",2,0
"2020-08-04","0-18",11,0
"2020-08-04","18-40",4,0
"2020-08-04","40-65",3,0
"2020-08-04","65+",2,0
"2020-08-05","0-18",3,0
"2020-08-05","18-40",8,0
"2020-08-05","40-65",1,0
"2020-08-05","65+",0,0
"2020-08-06","0-18",6,0
"2020-08-06","18-40",3,0
"2020-08-06","40-65",4,0
"2020-08-06","65+",0,0
"2020-08-07","0-18",3,0
"2020-08-07","18-40",1,0
"2020-08-07","40-65",0,0
"2020-08-07","65+",2,0
"2020-08-08","0-18",6,0
"2020-08-08","18-40",4,0
"2020-08-08","40-65",4,0
"2020-08-08","65+",0,0
"2020-08-09","0-18",0,0
"2020-08-09","18-40",7,0
"2020-08-09","40-65",9,0
"2020-08-09","65+",0,0
"2020-08-10","0-18",0,0
"2020-08-10","18-40",4,0
"2020-08-10","40-65",2,0
"2020-08-10","65+",2,0
"2020-08-11","0-18",3,0
"2020-08-11","18-40",2,0
"2020-08-11","40-65",2,0
"2020-08-11","65+",1,0
"2020-08-12","0-18",2,0
"2020-08-12","18-40",5,0
"2020-08-12","40-65",5,0
"2020-08-12","65+",0,0
"2020-08-13","0-18",7,0
"2020-08-13","18-40",4,0
"2020-08-13","40-65",0,0
"2020-08-13","65+",0,0
"2020-08-14","0-18",1,0
"2020-08-14","18-40",2,0
"2020-08-14","40-65",2,0
"2020-08-14","65+",1,0
"2020-08-15","0-18",1,0
"2020-08-15","18-40",1,0
"2020-08-15","40-65",0,0
"2020-08-15","65+",0,0
"2020-08-16","0-18",0,0
"2020-08-16","18-40",4,0
"2020-08-16","40-65",0,0
"2020-08-16","65+",22,0
"2020-08-17","0-18",2,0
"2020-08-17","18-40",4,1
"2020-08-17","40-65",1,0
"2020-08-17","65+",1,0
"2020-08-18","0-18",3,0
"2020-08-18","18-40",2,0
"2020-08-18","40-65",3,0
"2020-08-18","65+",7,0
"2020-08-19","0-18",10,0
"2020-08-19","18-40",4,0
"2020-08-19","40-65",4,0
"2020-08-19","65+",5,0
"2020-08-20","0-18",7,0
"2020-08-20","18-40",11,1
"2020-08-20","40-65",6,0
"2020-08-20","65+",0,0
"2020-08-21","0-18",3,0
"2020-08-21","18-40",6,0
"2020-08-21","40-65",3,0
"2020-08-21","65+",4,0
"2020-08-22","0-18",6,0
"2020-08-22","18-40",5,0
"2020-08-22","40-65",4,0
"2020-08-22","65+",1,0
"2020-08-23","0-18",2,0
"2020-08-23","18-40",2,0
"2020-08-23","40-65",2,0
"2020-08-23","65+",7,0
"2020-08-24","0-18",7,0
"2020-08-24","18-40",7,0
"2020-08-24","40-65",2,0
"2020-08-24","65+",3,0
"2020-08-25","0-18",5,0
"2020-08-25","18-40",5,0
"2020-08-25","40-65",8,0
"2020-08-25","65+",5,0
"2020-08-26","0-18",1,0
"2020-08-26","18-40",4,0
"2020-08-26","40-65",2,0
"2020-08-26","65+",8,0
"2020-08-27","0-18",7,0
"2020-08-27","18-40",4,0
"2020-08-27","40-65",2,0
"2020-08-27","65+",3,0
"2020-08-28","0-18",6,0
"2020-08-28","18-40",5,0
"2020-08-28","40-65",7,0
"2020-08-28","65+",2,0
"2020-08-29","0-18",2,0
"2020-08-29","18-40",3,0
"2020-08-29","40-65",3,0
"2020-08-29","65+",4,0
"2020-08-30","0-18",1,0
"2020-08-30","18-40",2,0
"2020-08-30","40-65",1,0
"2020-08-30","65+",12,1
"2020-08-31","0-18",2,0
"2020-08-31","18-40",4,0
"2020-08-31","40-65",4,0
"2020-08-31","65+",3,0
"2020-09-01","0-18",5,0
"2020-09-01","18-40",5,0
"2020-09-01","40-65",3,0
"2020-09-01","65+",5,0
"2020-09-02","0-18",3,0
"2020-09-02","18-40",3,0
"2020-09-02","40-65",1,0
"2020-09-02","65+",8,0
"2020-09-03","0-18",2,0
"2020-09-03","18-40",3,0
"2020-09-03","40-65",5,0
"2020-09-03","65+",14,0
"2020-09-04","0-18",6,0
"2020-09-04","18-40",6,0
"2020-09-04","40-65",4,0
"2020-09-04","65+",8,0
"2020-09-05","0-18",0,0
"2020-09-05","18-40",4,0
"2020-09-05","40-65",0,0
"2020-09-05","65+",13,0
"2020-09-06","0-18",4,0
"2020-09-06","18-40",12,0
"2020-09-06","40-65",3,0
"2020-09-06","65+",8,0
"2020-09-07","0-18",6,0
"2020-09-07","18-40",7,0
"2020-09-07","40-65",9,0
"2020-09-07","65+",7,0
"2020-09-08","0-18",4,0
"2020-09-08","18-40",6,0
"2020-09-08","40-65",3,0
"2020-09-08","65+",11,0
"2020-09-09","0-18",3,0
"2020-09-09","18-40",6,0
"2020-09-09","40-65",3,0
"2020-09-09","65+",3,0
"2020-09-10","0-18",4,0
"2020-09-10","18-40",6,0
"2020-09-10","40-65",4,0
"2020-09-10","65+",19,0
"2020-09-11","0-18",24,0
"2020-09-11","18-40",24,0
"2020-09-11","40-65",7,0
"2020-09-11","65+",5,0
"2020-09-12","0-18",6,0
"2020-09-12","18-40",22,1
"2020-09-12","40-65",5,0
"2020-09-12","65+",14,1
"2020-09-13","0-18",7,0
"2020-09-13","18-40",11,1
"2020-09-13","40-65",5,0
"2020-09-13","65+",8,0
"2020-09-14","0-18",15,1
"2020-09-14","18-40",18,1
"2020-09-14","40-65",14,0
"2020-09-14","65+",12,0
"2020-09-15","0-18",7,0
"2020-09-15","18-40",8,0
"2020-09-15","40-65",5,0
"2020-09-15","65+",21,1
"2020-09-16","0-18",11,0
"2020-09-16","18-40",17,1
"2020-09-16","40-65",6,0
"2020-09-16","65+",7,0
"2020-09-17","0-18",22,1
"2020-09-17","18-40",17,1
"2020-09-17","40-65",8,1
"2020-09-17","65+",10,1
"2020-09-18","0-18",13,0
"2020-09-18","18-40",13,0
"2020-09-18","40-65",7,0
"2020-09-18","65+",13,0
"2020-09-19","0-18",15,1
"2020-09-19","18-40",19,1
"2020-09-19","40-65",10,0
"2020-09-19","65+",2,0
"2020-09-20","0-18",19,0
"2020-09-20","18-40",24,0
"2020-09-20","40-65",10,0
"2020-09-20","65+",23,0
"2020-09-21","0-18",10,0
"2020-09-21","18-40",17,0
"2020-09-21","40-65",11,0
"2020-09-21","65+",17,0
"2020-09-22","0-18",18,0
"2020-09-22","18-40",34,0
"2020-09-22","40-65",17,0
"2020-09-22","65+",16,0
"2020-09-23","0-18",16,0
"2020-09-23","18-40",15,0
"2020-09-23","40-65",11,0
"2020-09-23","65+",25,1
"2020-09-24","0-18",7,0
"2020-09-24","18-40",10,0
"2020-09-24","40-65",5,0
"2020-09-24","65+",16,1
"2020-09-25","0-18",11,0
"2020-09-25","18-40",15,1
"2020-09-25","40-65",9,0
"2020-09-25","65+",22,1
"2020-09-26","0-18",13,0
"2020-09-26","18-40",29,1
"2020-09-26","40-65",18,1
"2020-09-26","65+",16,0
"2020-09-27","0-18",15,0
"2020-09-27","18-40",29,0
"2020-09-27","40-65",14,0
"2020-09-27","65+",51,1
"2020-09-28","0-18",17,0
"2020-09-28","18-40",22,0
"2020-09-28","40-65",12,0
"2020-09-28","65+",35,1
"2020-09-29","0-18",8,0
"2020-09-29","18-40",16,1
"2020-09-29","40-65",12,1
"2020-09-29","65+",22,1
"2020-09-30","0-18",22,0
"2020-09-30","18-40",31,0
"2020-09-30","40-65",25,0
"2020-09-30","65+",30,0
"2020-10-01","0-18",26,1
"2020-10-01","18-40",23,0
"2020-10-01","40-65",21,0
"2020-10-01","65+",35,1
"2020-10-02","0-18",20,0
"2020-10-02","18-40",33,0
"2020-10-02","40-65",25,0
"2020-10-02","65+",37,1
"2020-10-03","0-18",3,0
"2020-10-03","18-40",24,1
"2020-10-03","40-65",14,0
"2020-10-03","65+",24,0
"2020-10-04","0-18",9,0
"2020-10-04","18-40",17,0
"2020-10-04","40-65",13,0
"2020-10-04","65+",38,0
"2020-10-05","0-18",11,0
"2020-10-05","18-40",17,0
"2020-10-05","40-65",11,0
"2020-10-05","65+",43,0
"2020-10-06","0-18",18,0
"2020-10-06","18-40",22,0
"2020-10-06","40-65",13,0
"2020-10-06","65+",86,1
"2020-10-07","0-18",34,0
"2020-10-07","18-40",26,0
"2020-10-07","40-65",18,0
"2020-10-07","65+",95,0
"2020-10-08","0-18",19,0
"2020-10-08","18-40",11,0
"2020-10-08","40-65",9,0
"2020-10-08","65+",46,0
"2020-10-09","0-18",20,0
"2020-10-09","18-40",17,0
"2020-10-09","40-65",27,0
"2020-10-09","65+",32,0
"2020-10-10","0-18",14,0
"2020-10-10","18-40",13,0
"2020-10-10","40-65",15,0
"2020-10-10","65+",26,1
"2020-10-11","0-18",47,0
"2020-10-11","18-40",39,0
"2020-10-11","40-65",27,0
"2020-10-11","65+",25,0
"2020-10-12","0-18",10,0
"2020-10-12","18-40",11,0
"2020-10-12","40-65",13,0
"2020-10-12","65+",28,0
"2020-10-13","0-18",23,1
"2020-10-13","18-40",16,0
"2020-10-13","40-65",18,0
"2020-10-13","65+",17,0
"2020-10-14","0-18",15,0
"2020-10-14","18-40",16,0
"2020-10-14","40-65",19,1
"2020-10-14","65+",34,1
"2020-10-15","0-18",28,0
"2020-10-15","18-40",20,0
"2020-10-15","40-65",29,0
"2020-10-15","65+",30,0
"2020-10-16","0-18",11,0
"2020-10-16","18-40",12,0
"2020-10-16","40-65",15,0
"2020-10-16","65+",39,1
"2020-10-17","0-18",4,0
"2020-10-17","18-40",12,0
"2020-10-17","40-65",9,0
"2020-10-17","65+",39,1
"2020-10-18","0-18",6,0
"2020-10-18","18-40",9,1
"2020-10-18","40-65",7,0
"2020-10-18","65+",51,2
"2020-10-19","0-18",23,1
"2020-10-19","18-40",12,0
"2020-10-19","40-65",15,0
"2020-10-19","65+",19,0
"2020-10-20","0-18",11,0
"2020-10-20","18-40",13,1
"2020-10-20","40-65",8,0
"2020-10-20","65+",14,1
"2020-10-21","0-18",2,0
"2020-10-21","18-40",3,0
"2020-10-21","40-65",2,0
"2020-10-21","65+",62,3
"2020-10-22","0-18",8,0
"2020-10-22","18-40",7,0
"2020-10-22","40-65",18,0
"2020-10-22","65+",55,0
"2020-10-23","0-18",14,0
"2020-10-23","18-40",12,0
"2020-10-23","40-65",13,0
"2020-10-23","65+",53,1
"2020-10-24","0-18",8,1
"2020-10-24","18-40",4,0
"2020-10-24","40-65",7,0
"2020-10-24","65+",44,2
"2020-10-25","0-18",5,0
"2020-10-25","18-40",6,0
"2020-10-25","40-65",4,0
"2020-10-25","65+",54,2
"2020-10-26","0-18",18,0
"2020-10-26","18-40",11,0
"2020-10-26","40-65",9,0
"2020-10-26","65+",39,1
"2020-10-27","0-18",11,1
"2020-10-27","18-40",9,0
"2020-10-27","40-65",3,0
"2020-10-27","65+",37,1
"2020-10-28","0-18",2,0
"2020-10-28","18-40",3,0
"2020-10-28","40-65",3,0
"2020-10-28","65+",85,3
"2020-10-29","0-18",7,0
"2020-10-29","18-40",13,0
"2020-10-29","40-65",13,0
"2020-10-29","65+",32,1
"2020-10-30","0-18",15,0
"2020-10-30","18-40",26,1
"2020-10-30","40-65",20,0
"2020-10-30","65+",60,1
"2020-10-31","0-18",13,0
"2020-10-31","18-40",16,0
"2020-10-31","40-65",15,0
"2020-10-31","65+",38,1
"2020-11-01","0-18",7,1
"2020-11-01","18-40",5,0
"2020-11-01","40-65",5,0
"2020-11-01","65+",33,2
"2020-11-02","0-18",15,0
"2020-11-02","18-40",11,0
"2020-11-02","40-65",12,0
"2020-11-02","65+",18,0
"2020-11-03","0-18",3,0
"2020-11-03","18-40",3,0
"2020-11-03","40-65",3,0
"2020-11-03","65+",26,1
"2020-11-04","0-18",18,1
"2020-11-04","18-40",7,1
"2020-11-04","40-65",13,1
"2020-11-04","65+",15,1
"2020-11-05","0-18",13,0
"2020-11-05","18-40",11,0
"2020-11-05","40-65",5,0
"2020-11-05","65+",16,0
"2020-11-06","0-18",12,1
"2020-11-06","18-40",12,1
"2020-11-06","40-65",11,0
"2020-11-06","65+",44,2
"2020-11-07","0-18",8,1
"2020-11-07","18-40",21,1
"2020-11-07","40-65",17,1
"2020-11-07","65+",29,2
"2020-11-08","0-18",7,0
"2020-11-08","18-40",14,0
"2020-11-08","40-65",7,0
"2020-11-08","65+",19,0
"2020-11-09","0-18",2,1
"2020-11-09","18-40",2,0
"2020-11-09","40-65",2,0
"2020-11-09","65+",25,3
"2020-11-10","0-18",10,0
"2020-11-10","18-40",11,0
"2020-11-10","40-65",7,0
"2020-11-10","65+",24,0
"2020-11-11","0-18",19,1
"2020-11-11","18-40",19,1
"2020-11-11","40-65",16,0
"2020-11-11","65+",23,1
"2020-11-12","0-18",7,0
"2020-11-12","18-40",8,0
"2020-11-12","40-65",3,0
"2020-11-12","65+",42,2
"2020-11-13","0-18",19,0
"2020-11-13","18-40",19,1
"2020-11-13","40-65",14,0
"2020-11-13","65+",27,1
"2020-11-14","0-18",9,0
"2020-11-14","18-40",20,0
"2020-11-14","40-65",0,0
"2020-11-14","65+",20,0
"2020-11-15","0-18",8,0
"2020-11-15","18-40",4,0
"2020-11-15","40-65",10,1
"2020-11-15","65+",8,1
"2020-11-16","0-18",2,1
"2020-11-16","18-40",1,0
"2020-11-16","40-65",2,1
"2020-11-16","65+",5,1
"2020-11-17","0-18",4,0
"2020-11-17","18-40",3,0
"2020-11-17","40-65",4,0
"2020-11-17","65+",28,0
"2020-11-18","0-18",18,0
"2020-11-18","18-40",17,0
"2020-11-18","40-65",12,0
"2020-11-18","65+",19,0
"2020-11-19","0-18",10,0
"2020-11-19","18-40",24,1
"2020-11-19","40-65",19,0
"2020-11-19","65+",0,0
"2020-11-20","0-18",9,0
"2020-11-20","18-40",8,0
"2020-11-20","40-65",7,0
"2020-11-20","65+",4,0
"2020-11-21","0-18",2,0
"2020-11-21","18-40",6,0
"2020-11-21","40-65",3,0
"2020-11-21","65+",16,1
"2020-11-22","0-18",4,0
"2020-11-22","18-40",8,1
"2020-11-22","40-65",5,1
"2020-11-22","65+",8,1
"2020-11-23","0-18",3,0
"2020-11-23","18-40",3,1
"2020-11-23","40-65",2,0
"2020-11-23","65+",12,1
"2020-11-24","0-18",5,0
"2020-11-24","18-40",5,0
"2020-11-24","40-65",3,0
"2020-11-24","65+",8,0
"2020-11-25","0-18",12,1
"2020-11-25","18-40",8,0
"2020-11-25","40-65",10,0
"2020-11-25","65+",8,0
"2020-11-26","0-18",18,0
"2020-11-26","18-40",13,0
"2020-11-26","40-65",6,0
"2020-11-26","65+",23,0
"2020-11-27","0-18",15,0
"2020-11-27","18-40",20,1
"2020-11-27","40-65",13,0
"2020-11-27","65+",8,0
"2020-11-28","0-18",7,0
"2020-11-28","18-40",19,0
"2020-11-28","40-65",5,0
"2020-11-28","65+",28,1
"2020-11-29","0-18",4,0
"2020-11-29","18-40",7,1
"2020-11-29","40-65",5,0
"2020-11-29","65+",6,1
"2020-11-30","0-18",5,0
"2020-11-30","18-40",12,0
"2020-11-30","40-65",4,0
"2020-11-30","65+",26,1
"2020-12-01","0-18",5,0
"2020-12-01","18-40",8,0
"2020-12-01","40-65",4,0
"2020-12-01","65+",17,0
"2020-12-02","0-18",16,1
"2020-12-02","18-40",11,0
"2020-12-02","40-65",13,0
"2020-12-02","65+",9,0
"2020-12-03","0-18",13,0
"2020-12-03","18-40",9,0
"2020-12-03","40-65",13,1
"2020-12-03","65+",3,0
"2020-12-04","0-18",12,0
"2020-12-04","18-40",17,1
"2020-12-04","40-65",14,1
"2020-12-04","65+",12,0
"2020-12-05","0-18",5,0
"2020-12-05","18-40",14,0
"2020-12-05","40-65",5,0
"2020-12-05","65+",22,0
"2020-12-06","0-18",6,0
"2020-12-06","18-40",9,0
"2020-12-06","40-65",7,0
"2020-12-06","65+",11,1
"2020-12-07","0-18",9,1
"2020-12-07","18-40",5,0
"2020-12-07","40-65",3,0
"2020-12-07","65+",6,0
"2020-12-08","0-18",15,0
"2020-12-08","18-40",21,0
"2020-12-08","40-65",15,0
"2020-12-08","65+",6,0
"2020-12-09","0-18",4,0
"2020-12-09","18-40",10,0
"2020-12-09","40-65",6,0
"2020-12-09","65+",16,0
"2020-12-10","0-18",16,0
"2020-12-10","18-40",26,0
"2020-12-10","40-65",16,0
"2020-12-10","65+",2,0
"2020-12-11","0-18",13,0
"2020-12-11","18-40",21,0
"2020-12-11","40-65",8,0
"2020-12-11","65+",6,0
"2020-12-12","0-18",8,0
"2020-12-12","18-40",5,0
"2020-12-12","40-65",7,0
"2020-12-12","65+",40,1
"2020-12-13","0-18",7,0
"2020-12-13","18-40",15,1
"2020-12-13","40-65",5,0
"2020-12-13","65+",3,0
"2020-12-14","0-18",4,0
"2020-12-14","18-40",6,0
"2020-12-14","40-65",3,0
"2020-12-14","65+",3,0
"2020-12-15","0-18",10,0
"2020-12-15","18-40",11,0
"2020-12-15","40-65",11,0
"2020-12-15","65+",22,1
"2020-12-16","0-18",14,0
"2020-12-16","18-40",9,0
"2020-12-16","40-65",7,0
"2020-12-16","65+",23,0
"2020-12-17","0-18",8,0
"2020-12-17","18-40",5,0
"2020-12-17","40-65",9,0
"2020-12-17","65+",39,1
"2020-12-18","0-18",6,0
"2020-12-18","18-40",6,0
"2020-12-18","40-65",7,0
"2020-12-18","65+",6,0
"2020-12-19","0-18",7,0
"2020-12-19","18-40",13,0
"2020-12-19","40-65",14,0
"2020-12-19","65+",12,0
"2020-12-20","0-18",5,0
"2020-12-20","18-40",6,0
"2020-12-20","40-65",4,0
"2020-12-20","65+",9,0
"2020-12-21","0-18",2,0
"2020-12-21","18-40",4,0
"2020-12-21","40-65",5,0
"2020-12-21","65+",11,0
"2020-12-22","0-18",9,0
"2020-12-22","18-40",19,0
"2020-12-22","40-65",17,0
"2020-12-22","65+",28,0
"2020-12-23","0-18",12,0
"2020-12-23","18-40",19,0
"2020-12-23","40-65",11,0
"2020-12-23","65+",10,0
"2020-12-24","0-18",8,0
"2020-12-24","18-40",10,0
"2020-12-24","40-65",14,0
"2020-12-24","65+",17,0
"2020-12-25","0-18",14,0
"2020-12-25","18-40",13,0
"2020-12-25","40-65",12,0
"2020-12-25","65+",8,0
"2020-12-26","0-18",23,0
"2020-12-26","18-40",29,0
"2020-12-26","40-65",25,0
"2020-12-26","65+",18,0
"2020-12-27","0-18",7,0
"2020-12-27","18-40",11,0
"2020-12-27","40-65",11,1
"2020-12-27","65+",8,0
"2020-12-28","0-18",14,0
"2020-12-28","18-40",18,0
"2020-12-28","40-65",12,0
"2020-12-28","65+",21,0
"2020-12-29","0-18",18,0
"2020-12-29","18-40",25,0
"2020-12-29","40-65",30,0
"2020-12-29","65+",39,0
"2020-12-30","0-18",22,0
"2020-12-30","18-40",18,0
"2020-12-30","40-65",13,0
"2020-12-30","65+",35,0
"2020-12-31","0-18",22,0
"2020-12-31","18-40",34,0
"2020-12-31","40-65",21,0
"2020-12-31","65+",70,0
"2021-01-01","0-18",19,0
"2021-01-01","18-40",27,1
"2021-01-01","40-65",24,0
"2021-01-01","65+",17,0
"2021-01-02","0-18",21,0
"2021-01-02","18-40",35,0
"2021-01-02","40-65",35,0
"2021-01-02","65+",43,0
"2021-01-03","0-18",32,1
"2021-01-03","18-40",30,0
"2021-01-03","40-65",25,0
"2021-01-03","65+",19,0
"2021-01-04","0-18",14,0
"2021-01-04","18-40",22,0
"2021-01-04","40-65",13,0
"2021-01-04","65+",68,0
"2021-01-05","0-18",25,1
"2021-01-05","18-40",24,0
"2021-01-05","40-65",18,0
"2021-01-05","65+",38,1
"2021-01-06","0-18",23,0
"2021-01-06","18-40",33,0
"2021-01-06","40-65",32,0
"2021-01-06","65+",44,0
"2021-01-07","0-18",51,0
"2021-01-07","18-40",64,0
"2021-01-07","40-65",39,0
"2021-01-07","65+",32,0
"2021-01-08","0-18",33,0
"2021-01-08","18-40",36,0
"2021-01-08","40-65",44,0
"2021-01-08","65+",72,0
"2021-01-09","0-18",47,1
"2021-01-09","18-40",53,1
"2021-01-09","40-65",37,0
"2021-01-09","65+",18,0
"2021-01-10","0-18",42,0
"2021-01-10","18-40",37,0
"2021-01-10","40-65",21,0
"2021-01-10","65+",14,0
"2021-01-11","0-18",11,0
"2021-01-11","18-40",10,0
"2021-01-11","40-65",6,0
"2021-01-11","65+",38,0
"2021-01-12","0-18",39,0
"2021-01-12","18-40",36,0
"2021-01-12","40-65",21,0
"2021-01-12","65+",65,1
"2021-01-13","0-18",59,1
"2021-01-13","18-40",44,1
"2021-01-13","40-65",60,2
"2021-01-13","65+",10,0
"2021-01-14","0-18",40,0
"2021-01-14","18-40",34,0
"2021-01-14","40-65",27,0
"2021-01-14","65+",27,0
"2021-01-15","0-18",23,0
"2021-01-15","18-40",49,1
"2021-01-15","40-65",36,0
"2021-01-15","65+",36,1
"2021-01-16","0-18",38,0
"2021-01-16","18-40",43,1
"2021-01-16","40-65",24,0
"2021-01-16","65+",14,0
"2021-01-17","0-18",12,0
"2021-01-17","18-40",18,1
"2021-01-17","40-65",8,0
"2021-01-17","65+",34,1
"2021-01-18","0-18",4,0
"2021-01-18","18-40",17,0
"2021-01-18","40-65",14,0
"2021-01-18","65+",28,1
"2021-01-19","0-18",8,1
"2021-01-19","18-40",12,1
"2021-01-19","40-65",12,1
"2021-01-19","65+",48,4
"2021-01-20","0-18",20,0
"2021-01-20","18-40",29,0
"2021-01-20","40-65",39,0
"2021-01-20","65+",78,0
"2021-01-21","0-18",13,0
"2021-01-21","18-40",14,1
"2021-01-21","40-65",7,0
"2021-01-21","65+",47,1
"2021-01-22","0-18",23,0
"2021-01-22","18-40",17,0
"2021-01-22","40-65",9,0
"2021-01-22","65+",46,1
"2021-01-23","0-18",26,0
"2021-01-23","18-40",14,0
"2021-01-23","40-65",15,0
"2021-01-23","65+",29,0
"2021-01-24","0-18",7,0
"2021-01-24","18-40",9,0
"2021-01-24","40-65",8,0
"2021-01-24","65+",19,1
"2021-01-25","0-18",5,0
"2021-01-25","18-40",11,0
"2021-01-25","40-65",7,0
"2021-01-25","65+",6,0
"2021-01-26","0-18",14,0
"2021-01-26","18-40",21,0
"2021-01-26","40-65",17,0
"2021-01-26","65+",22,1
"2021-01-27","0-18",10,0
"2021-01-27","18-40",17,1
"2021-01-27","40-65",15,0
"2021-01-27","65+",38,1
"2021-01-28","0-18",14,0
"2021-01-28","18-40",24,0
"2021-01-28","40-65",16,0
"2021-01-28","65+",12,0
"2021-01-29","0-18",9,0
"2021-01-29","18-40",16,0
"2021-01-29","40-65",15,0
"2021-01-29","65+",33,0
"2021-01-30","0-18",2,0
"2021-01-30","18-40",9,0
"2021-01-30","40-65",9,0
"2021-01-30","65+",22,1
"2021-01-31","0-18",4,0
"2021-01-31","18-40",8,0
"2021-01-31","40-65",4,0
"2021-01-31","65+",9,1
"2021-02-01","0-18",3,0
"2021-02-01","18-40",6,0
"2021-02-01","40-65",10,0
"2021-02-01","65+",7,0
"2021-02-02","0-18",13,0
"2021-02-02","18-40",23,1
"2021-02-02","40-65",13,0
"2021-02-02","65+",10,0
"2021-02-03","0-18",12,0
"2021-02-03","18-40",17,0
"2021-02-03","40-65",14,0
"2021-02-03","65+",11,0
"2021-02-04","0-18",8,0
"2021-02-04","18-40",18,0
"2021-02-04","40-65",15,0
"2021-02-04","65+",10,0
"2021-02-05","0-18",11,0
"2021-02-05","18-40",20,0
"2021-02-05","40-65",12,0
"2021-02-05","65+",29,1
"2021-02-06","0-18",10,0
"2021-02-06","18-40",11,0
"2021-02-06","40-65",25,0
"2021-02-06","65+",15,0
"2021-02-07","0-18",6,0
"2021-02-07","18-40",7,0
"2021-02-07","40-65",11,1
"2021-02-07","65+",9,1
"2021-02-08","0-18",8,1
"2021-02-08","18-40",8,1
"2021-02-08","40-65",7,0
"2021-02-08","65+",1,0
"2021-02-09","0-18",9,0
"2021-02-09","18-40",15,0
"2021-02-09","40-65",8,0
"2021-02-09","65+",11,0
"2021-02-10","0-18",16,1
"2021-02-10","18-40",11,0
"2021-02-10","40-65",4,0
"2021-02-10","65+",9,0
"2021-02-11","0-18",7,0
"2021-02-11","18-40",15,0
"2021-02-11","40-65",12,0
"2021-02-11","65+",17,1
"2021-02-12","0-18",11,0
"2021-02-12","18-40",11,0
"2021-02-12","40-65",12,1
"2021-02-12","65+",18,1
"2021-02-13","0-18",10,0
"2021-02-13","18-40",17,0
"2021-02-13","40-65",12,0
"2021-02-13","65+",7,0
"2021-02-14","0-18",7,0
"2021-02-14","18-40",8,1
"2021-02-14","40-65",4,0
"2021-02-14","65+",29,1
"2021-02-15","0-18",6,0
"2021-02-15","18-40",11,0
"2021-02-15","40-65",6,0
"2021-02-15","65+",11,1
"2021-02-16","0-18",13,0
"2021-02-16","18-40",18,0
"2021-02-16","40-65",14,0
"2021-02-16","65+",16,0
"2021-02-17","0-18",13,0
"2021-02-17","18-40",12,0
"2021-02-17","40-65",4,0
"2021-02-17","65+",20,0
"2021-02-18","0-18",14,0
"2021-02-18","18-40",17,0
"2021-02-18","40-65",10,0
"2021-02-18","65+",27,0
"2021-02-19","0-18",5,0
"2021-02-19","18-40",6,0
"2021-02-19","40-65",4,0
"2021-02-19","65+",43,1
"2021-02-20","0-18",18,0
"2021-02-20","18-40",23,0
"2021-02-20","40-65",24,0
"2021-02-20","65+",2,0
"2021-02-21","0-18",8,0
"2021-02-21","18-40",15,0
"2021-02-21","40-65",10,0
"2021-02-21","65+",20,0
"2021-02-22","0-18",7,0
"2021-02-22","18-40",8,0
"2021-02-22","40-65",6,0
"2021-02-22","65+",11,0
"2021-02-23","0-18",9,0
"2021-02-23","18-40",17,0
"2021-02-23","40-65",11,0
"2021-02-23","65+",10,0
"2021-02-24","0-18",17,0
"2021-02-24","18-40",26,1
"2021-02-24","40-65",11,0
"2021-02-24","65+",6,0
"2021-02-25","0-18",8,0
"2021-02-25","18-40",12,0
"2021-02-25","40-65",12,0
"2021-02-25","65+",11,0
"2021-02-26","0-18",17,0
"2021-02-26","18-40",15,0
"2021-02-26","40-65",9,0
"2021-02-26","65+",16,0
"2021-02-27","0-18",26,1
"2021-02-27","18-40",17,0
"2021-02-27","40-65",17,0
"2021-02-27","65+",11,0
"2021-02-28","0-18",10,0
"2021-02-28","18-40",7,0
"2021-02-28","40-65",5,0
"2021-02-28","65+",27,0
"2021-03-01","0-18",8,0
"2021-03-01","18-40",17,0
"2021-03-01","40-65",10,0
"2021-03-01","65+",19,0
"2021-03-02","0-18",8,0
"2021-03-02","18-40",22,1
"2021-03-02","40-65",11,0
"2021-03-02","65+",21,0
"2021-03-03","0-18",13,0
"2021-03-03","18-40",16,0
"2021-03-03","40-65",13,0
"2021-03-03","65+",23,0
"2021-03-04","0-18",18,0
"2021-03-04","18-40",18,0
"2021-03-04","40-65",10,0
"2021-03-04","65+",15,0
"2021-03-05","0-18",8,0
"2021-03-05","18-40",17,0
"2021-03-05","40-65",8,0
"2021-03-05","65+",18,0
"2021-03-06","0-18",11,0
"2021-03-06","18-40",16,1
"2021-03-06","40-65",7,0
"2021-03-06","65+",12,1
"2021-03-07","0-18",22,1
"2021-03-07","18-40",14,0
"2021-03-07","40-65",15,0
"2021-03-07","65+",3,0
"2021-03-08","0-18",9,0
"2021-03-08","18-40",11,1
"2021-03-08","40-65",8,0
"2021-03-08","65+",10,0
"2021-03-09","0-18",19,0
"2021-03-09","18-40",19,0
"2021-03-09","40-65",19,0
"2021-03-09","65+",14,0
"2021-03-10","0-18",19,0
"2021-03-10","18-40",26,0
"2021-03-10","40-65",22,0
"2021-03-10","65+",9,0
"2021-03-11","0-18",20,1
"2021-03-11","18-40",13,1
"2021-03-11","40-65",13,0
"2021-03-11","65+",27,1
"2021-03-12","0-18",32,0
"2021-03-12","18-40",26,0
"2021-03-12","40-65",17,0
"2021-03-12","65+",18,0
"2021-03-13","0-18",16,0
"2021-03-13","18-40",15,0
"2021-03-13","40-65",13,0
"2021-03-13","65+",12,0
"2021-03-14","0-18",16,0
"2021-03-14","18-40",17,0
"2021-03-14","40-65",14,0
"2021-03-14","65+",18,0
"2021-03-15","0-18",14,0
"2021-03-15","18-40",18,0
"2021-03-15","40-65",8,0
"2021-03-15","65+",18,1
"2021-03-16","0-18",19,0
"2021-03-16","18-40",36,1
"2021-03-16","40-65",17,0
"2021-03-16","65+",13,0
"2021-03-17","0-18",18,0
"2021-03-17","18-40",32,1
"2021-03-17","40-65",14,0
"2021-03-17","65+",14,0
"2021-03-18","0-18",19,0
"2021-03-18","18-40",21,1
"2021-03-18","40-65",16,0
"2021-03-18","65+",7,0
"2021-03-19","0-18",33,1
"2021-03-19","18-40",39,1
"2021-03-19","40-65",21,0
"2021-03-19","65+",24,0
"2021-03-20","0-18",19,0
"2021-03-20","18-40",16,0
"2021-03-20","40-65",20,0
"2021-03-20","65+",27,1
"2021-03-21","0-18",23,0
"2021-03-21","18-40",24,1
"2021-03-21","40-65",23,0
"2021-03-21","65+",17,0
"2021-03-22","0-18",14,0
"2021-03-22","18-40",17,1
"2021-03-22","40-65",8,0
"2021-03-22","65+",17,0
"2021-03-23","0-18",19,0
"2021-03-23","18-40",36,1
"2021-03-23","40-65",24,0
"2021-03-23","65+",29,0
"2021-03-24","0-18",23,0
"2021-03-24","18-40",28,0
"2021-03-24","40-65",20,0
"2021-03-24","65+",13,0
"2021-03-25","0-18",31,0
"2021-03-25","18-40",32,0
"2021-03-25","40-65",25,0
"2021-03-25","65+",35,1
"2021-03-26","0-18",30,1
"2021-03-26","18-40",29,0
"2021-03-26","40-65",22,0
"2021-03-26","65+",23,0
"2021-03-27","0-18",37,0
"2021-03-27","18-40",44,1
"2021-03-27","40-65",36,0
"2021-03-27","65+",21,0
"2021-03-28","0-18",25,0
"2021-03-28","18-40",37,0
"2021-03-28","40-65",26,0
"2021-03-28","65+",51,1
"2021-03-29","0-18",34,0
"2021-03-29","18-40",36,0
"2021-03-29","40-65",26,0
"2021-03-29","65+",15,0
"2021-03-30","0-18",28,0
"2021-03-30","18-40",71,1
"2021-03-30","40-65",47,0
"2021-03-30","65+",24,0
"2021-03-31","0-18",37,0
"2021-03-31","18-40",52,1
"2021-03-31","40-65",32,0
"2021-03-31","65+",42,0
"2021-04-01","0-18",32,0
"2021-04-01","18-40",47,1
"2021-04-01","40-65",40,0
"2021-04-01","65+",25,0
"2021-04-02","0-18",52,0
"2021-04-02","18-40",93,1
"2021-04-02","40-65",64,0
"2021-04-02","65+",32,0
"2021-04-03","0-18",46,0
"2021-04-03","18-40",86,0
"2021-04-03","40-65",48,0
"2021-04-03","65+",42,0
"2021-04-04","0-18",28,0
"2021-04-04","18-40",45,0
"2021-04-04","40-65",31,0
"2021-04-04","65+",48,1
"2021-04-05","0-18",36,0
"2021-04-05","18-40",75,1
"2021-04-05","40-65",36,0
"2021-04-05","65+",36,0
"2021-04-06","0-18",33,0
"2021-04-06","18-40",53,1
"2021-04-06","40-65",36,0
"2021-04-06","65+",34,0
"2021-04-07","0-18",52,0
"2021-04-07","18-40",84,1
"2021-04-07","40-65",45,0
"2021-04-07","65+",38,0
"2021-04-08","0-18",37,0
"2021-04-08","18-40",58,1
"2021-04-08","40-65",43,0
"2021-04-08","65+",32,0
"2021-04-09","0-18",55,0
"2021-04-09","18-40",91,1
"2021-04-09","40-65",65,1
"2021-04-09","65+",51,0
"2021-04-10","0-18",87,1
"2021-04-10","18-40",117,1
"2021-04-10","40-65",94,1
"2021-04-10","65+",82,0
"2021-04-11","0-18",42,0
"2021-04-11","18-40",56,0
"2021-04-11","40-65",46,0
"2021-04-11","65+",61,0
"2021-04-12","0-18",54,0
"2021-04-12","18-40",94,1
"2021-04-12","40-65",69,0
"2021-04-12","65+",48,0
"2021-04-13","0-18",44,0
"2021-04-13","18-40",78,1
"2021-04-13","40-65",49,0
"2021-04-13","65+",73,1
"2021-04-14","0-18",80,0
"2021-04-14","18-40",106,1
"2021-04-14","40-65",99,0
"2021-04-14","65+",103,1
"2021-04-15","0-18",58,0
"2021-04-15","18-40",84,0
"2021-04-15","40-65",80,0
"2021-04-15","65+",91,0
"2021-04-16","0-18",111,1
"2021-04-16","18-40",112,1
"2021-04-16","40-65",81,0
"2021-04-16","65+",44,0
"2021-04-17","0-18",86,0
"2021-04-17","18-40",131,1
"2021-04-17","40-65",88,1
"2021-04-17","65+",100,1
"2021-04-18","0-18",66,0
"2021-04-18","18-40",73,0
"2021-04-18","40-65",57,0
"2021-04-18","65+",97,0
"2021-04-19","0-18",53,0
"2021-04-19","18-40",67,0
"2021-04-19","40-65",54,0
"2021-04-19","65+",84,1
"2021-04-20","0-18",36,0
"2021-04-20","18-40",67,1
"2021-04-20","40-65",48,0
"2021-04-20","65+",37,0
"2021-04-21","0-18",66,1
"2021-04-21","18-40",57,0
"2021-04-21","40-65",50,0
"2021-04-21","65+",34,0
"2021-04-22","0-18",54,1
"2021-04-22","18-40",85,1
"2021-04-22","40-65",52,1
"2021-04-22","65+",48,0
"2021-04-23","0-18",52,1
"2021-04-23","18-40",54,1
"2021-04-23","40-65",32,0
"2021-04-23","65+",51,1
"2021-04-24","0-18",51,0
"2021-04-24","18-40",88,1
"2021-04-24","40-65",51,0
"2021-04-24","65+",37,0
"2021-04-25","0-18",26,1
"2021-04-25","18-40",55,2
"2021-04-25","40-65",36,2
"2021-04-25","65+",23,1
"2021-04-26","0-18",29,1
"2021-04-26","18-40",55,2
"2021-04-26","40-65",38,1
"2021-04-26","65+",51,1
"2021-04-27","0-18",53,1
"2021-04-27","18-40",51,0
"2021-04-27","40-65",48,0
"2021-04-27","65+",37,0
"2021-04-28","0-18",46,0
"2021-04-28","18-40",55,1
"2021-04-28","40-65",38,0
"2021-04-28","65+",47,1
"2021-04-29","0-18",37,0
"2021-04-29","18-40",41,0
"2021-04-29","40-65",35,0
"2021-04-29","65+",46,0
"2021-04-30","0-18",42,1
"2021-04-30","18-40",57,1
"2021-04-30","40-65",42,1
"2021-04-30","65+",37,0
"2021-05-01","0-18",40,1
"2021-05-01","18-40",33,1
"2021-05-01","40-65",38,1
"2021-05-01","65+",27,1
"2021-05-02","0-18",24,0
"2021-05-02","18-40",46,0
"2021-05-02","40-65",31,0
"2021-05-02","65+",28,0
"2021-05-03","0-18",25,1
"2021-05-03","18-40",34,1
"2021-05-03","40-65",27,1
"2021-05-03","65+",16,0
"2021-05-04","0-18",51,0
"2021-05-04","18-40",55,1
"2021-05-04","40-65",26,0
"2021-05-04","65+",9,0
"2021-05-05","0-18",36,1
"2021-05-05","18-40",30,0
"2021-05-05","40-65",32,0
"2021-05-05","65+",16,0
"2021-05-06","0-18",40,1
"2021-05-06","18-40",42,1
"2021-05-06","40-65",27,0
"2021-05-06","65+",13,0
"2021-05-07","0-18",33,1
"2021-05-07","18-40",26,1
"2021-05-07","40-65",28,1
"2021-05-07","65+",21,0
"2021-05-08","0-18",20,0
"2021-05-08","18-40",27,1
"2021-05-08","40-65",25,1
"2021-05-08","65+",64,2
"2021-05-09","0-18",20,1
"2021-05-09","18-40",20,1
"2021-05-09","40-65",14,0
"2021-05-09","65+",15,1
"2021-05-10","0-18",25,0
"2021-05-10","18-40",17,0
"2021-05-10","40-65",13,0
"2021-05-10","65+",27,0
"2021-05-11","0-18",40,1
"2021-05-11","18-40",41,1
"2021-05-11","40-65",22,0
"2021-05-11","65+",20,0
"2021-05-12","0-18",40,1
"2021-05-12","18-40",32,0
"2021-05-12","40-65",23,0
"2021-05-12","65+",20,0
"2021-05-13","0-18",20,0
"2021-05-13","18-40",21,0
"2021-05-13","40-65",16,0
"2021-05-13","65+",21,0
"2021-05-14","0-18",21,0
"2021-05-14","18-40",53,0
"2021-05-14","40-65",40,0
"2021-05-14","65+",14,0
"2021-05-15","0-18",10,0
"2021-05-15","18-40",23,0
"2021-05-15","40-65",22,0
"2021-05-15","65+",30,1
"2021-05-16","0-18",10,0
"2021-05-16","18-40",17,1
"2021-05-16","40-65",11,0
"2021-05-16","65+",8,0
"2021-05-17","0-18",19,0
"2021-05-17","18-40",21,1
"2021-05-17","40-65",18,0
"2021-05-17","65+",29,1
"2021-05-18","0-18",23,0
"2021-05-18","18-40",21,0
"2021-05-18","40-65",13,0
"2021-05-18","65+",40,1
"2021-05-19","0-18",24,1
"2021-05-19","18-40",16,1
"2021-05-19","40-65",22,1
"2021-05-19","65+",27,1
"2021-05-20","0-18",10,0
"2021-05-20","18-40",21,1
"2021-05-20","40-65",12,1
"2021-05-20","65+",29,1
"2021-05-21","0-18",18,0
"2021-05-21","18-40",13,0
"2021-05-21","40-65",11,0
"2021-05-21","65+",35,1
"2021-05-22","0-18",19,1
"2021-05-22","18-40",24,1
"2021-05-22","40-65",22,1
"2021-05-22","65+",10,1
"2021-05-23","0-18",16,1
"2021-05-23","18-40",10,0
"2021-05-23","40-65",6,0
"2021-05-23","65+",6,0
"2021-05-24","0-18",9,0
"2021-05-24","18-40",26,1
"2021-05-24","40-65",17,1
"2021-05-24","65+",13,0
"2021-05-25","0-18",12,0
"2021-05-25","18-40",20,1
"2021-05-25","40-65",13,0
"2021-05-25","65+",11,0
"2021-05-26","0-18",14,0
"2021-05-26","18-40",16,1
"2021-05-26","40-65",6,0
"2021-05-26","65+",40,2
"2021-05-27","0-18",14,0
"2021-05-27","18-40",15,0
"2021-05-27","40-65",10,0
"2021-05-27","65+",23,0
"2021-05-28","0-18",18,1
"2021-05-28","18-40",16,1
"2021-05-28","40-65",13,0
"2021-05-28","65+",18,1
"2021-05-29","0-18",14,1
"2021-05-29","18-40",12,1
"2021-05-29","40-65",8,0
"2021-05-29","65+",11,0
"2021-05-30","0-18",9,0
"2021-05-30","18-40",9,1
"2021-05-30","40-65",6,0
"2021-05-30","65+",23,1
"2021-05-31","0-18",17,1
"2021-05-31","18-40",10,1
"2021-05-31","40-65",7,1
"2021-05-31","65+",6,0
"2021-06-01","0-18",10,0
"2021-06-01","18-40",13,1
"2021-06-01","40-65",11,0
"2021-06-01","65+",4,0
"2021-06-02","0-18",11,0
"2021-06-02","18-40",14,0
"2021-06-02","40-65",11,0
"2021-06-02","65+",11,0
"2021-06-03","0-18",20,0
"2021-06-03","18-40",14,0
"2021-06-03","40-65",7,0
"2021-06-03","65+",7,0
"2021-06-04","0-18",16,1
"2021-06-04","18-40",16,1
"2021-06-04","40-65",10,0
"2021-06-04","65+",1,0
"2021-06-05","0-18",10,1
"2021-06-05","18-40",17,1
"2021-06-05","40-65",8,1
"2021-06-05","65+",5,0
"2021-06-06","0-18",5,0
"2021-06-06","18-40",9,0
"2021-06-06","40-65",2,0
"2021-06-06","65+",5,0
"2021-06-07","0-18",4,0
"2021-06-07","18-40",8,1
"2021-06-07","40-65",2,0
"2021-06-07","65+",3,0
"2021-06-08","0-18",8,0
"2021-06-08","18-40",9,1
"2021-06-08","40-65",6,0
"2021-06-08","65+",4,0
"2021-06-09","0-18",17,1
"2021-06-09","18-40",8,0
"2021-06-09","40-65",3,0
"2021-06-09","65+",5,0
"2021-06-10","0-18",11,0
"2021-06-10","18-40",7,0
"2021-06-10","40-65",2,0
"2021-06-10","65+",0,0
"2021-06-11","0-18",13,0
"2021-06-11","18-40",6,0
"2021-06-11","40-65",17,0
"2021-06-11","65+",0,0
"2021-06-12","0-18",12,0
"2021-06-12","18-40",8,0
"2021-06-12","40-65",6,0
"2021-06-12","65+",3,0
"2021-06-13","0-18",7,1
"2021-06-13","18-40",4,0
"2021-06-13","40-65",5,0
"2021-06-13","65+",2,0
"2021-06-14","0-18",5,1
"2021-06-14","18-40",5,0
"2021-06-14","40-65",7,1
"2021-06-14","65+",5,1
"2021-06-15","0-18",9,0
"2021-06-15","18-40",7,0
"2021-06-15","40-65",5,0
"2021-06-15","65+",1,0
"2021-06-16","0-18",7,0
"2021-06-16","18-40",9,0
"2021-06-16","40-65",5,0
"2021-06-16","65+",3,0
"2021-06-17","0-18",3,0
"2021-06-17","18-40",6,0
"2021-06-17","40-65",3,0
"2021-06-17","65+",0,0
"2021-06-18","0-18",8,0
"2021-06-18","18-40",13,0
"2021-06-18","40-65",2,0
"2021-06-18","65+",3,0
"2021-06-19","0-18",7,0
"2021-06-19","18-40",9,0
"2021-06-19","40-65",2,0
"2021-06-19","65+",0,0
"2021-06-20","0-18",1,0
"2021-06-20","18-40",4,0
"2021-06-20","40-65",2,0
"2021-06-20","65+",0,0
"2021-06-21","0-18",4,0
"2021-06-21","18-40",8,1
"2021-06-21","40-65",1,0
"2021-06-21","65+",0,0
"2021-06-22","0-18",6,0
"2021-06-22","18-40",7,0
"2021-06-22","40-65",0,0
"2021-06-22","65+",0,0
"2021-06-23","0-18",8,0
"2021-06-23","18-40",5,0
"2021-06-23","40-65",3,0
"2021-06-23","65+",2,0
"2021-06-24","0-18",2,0
"2021-06-24","18-40",3,0
"2021-06-24","40-65",1,0
"2021-06-24","65+",2,0
"2021-06-25","0-18",7,0
"2021-06-25","18-40",0,0
"2021-06-25","40-65",0,0
"2021-06-25","65+",0,0
"2021-06-26","0-18",3,0
"2021-06-26","18-40",0,0
"2021-06-26","40-65",1,0
"2021-06-26","65+",5,0
"2021-06-27","0-18",2,0
"2021-06-27","18-40",6,0
"2021-06-27","40-65",0,0
"2021-06-27","65+",0,0
"2021-06-28","0-18",1,0
"2021-06-28","18-40",0,0
"2021-06-28","40-65",0,0
"2021-06-28","65+",0,0
"2021-06-29","0-18",3,0
"2021-06-29","18-40",0,0
"2021-06-29","40-65",5,0
"2021-06-29","65+",0,0
"2021-06-30","0-18",0,0
"2021-06-30","18-40",4,0
"2021-06-30","40-65",4,0
"2021-06-30","65+",0,0
"2021-07-01","0-18",3,0
"2021-07-01","18-40",0,0
"2021-07-01","40-65",4,0
"2021-07-01","65+",0,0
"2021-07-02","0-18",3,0
"2021-07-02","18-40",1,0
"2021-07-02","40-65",0,0
"2021-07-02","65+",2,0
"2021-07-03","0-18",4,0
"2021-07-03","18-40",2,0
"2021-07-03","40-65",0,0
"2021-07-03","65+",0,0
"2021-07-04","0-18",1,1
"2021-07-04","18-40",0,0
"2021-07-04","40-65",1,0
"2021-07-04","65+",0,0
"2021-07-05","0-18",1,0
"2021-07-05","18-40",1,0
"2021-07-05","40-65",0,0
"2021-07-05","65+",0,0
"2021-07-06","0-18",3,0
"2021-07-06","18-40",0,0
"2021-07-06","40-65",9,0
"2021-07-06","65+",0,0
"2021-07-07","0-18",2,0
"2021-07-07","18-40",1,0
"2021-07-07","40-65",2,0
"2021-07-07","65+",1,0
"2021-07-08","0-18",3,1
"2021-07-08","18-40",2,0
"2021-07-08","40-65",0,0
"2021-07-08","65+",0,0
"2021-07-09","0-18",0,0
"2021-07-09","18-40",0,0
"2021-07-09","40-65",1,0
"2021-07-09","65+",2,0
"2021-07-10","0-18",0,0
"2021-07-10","18-40",0,0
"2021-07-10","40-65",0,0
"2021-07-10","65+",0,0
"2021-07-11","0-18",0,0
"2021-07-11","18-40",0,0
"2021-07-11","40-65",0,0
"2021-07-11","65+",0,0
"2021-07-12","0-18",0,0
"2021-07-12","18-40",1,0
"2021-07-12","40-65",0,0
"2021-07-12","65+",0,0
"2021-07-13","0-18",0,0
"2021-07-13","18-40",2,0
"2021-07-13","40-65",0,0
"2021-07-13","65+",0,0
"2021-07-14","0-18",0,0
"2021-07-14","18-40",0,0
"2021-07-14","40-65",0,0
"2021-07-14","65+",0,0
"2021-07-15","0-18",1,0
"2021-07-15","18-40",0,0
"2021-07-15","40-65",0,0
"2021-07-15","65+",0,0
"2021-07-16","0-18",3,0
"2021-07-16","18-40",2,0
"2021-07-16","40-65",3,0
"2021-07-16","65+",0,0
"2021-07-17","0-18",0,0
"2021-07-17","18-40",2,0
"2021-07-17","40-65",3,0
"2021-07-17","65+",0,0
"2021-07-18","0-18",1,0
"2021-07-18","18-40",0,0
"2021-07-18","40-65",1,0
"2021-07-18","65+",1,0
"2021-07-19","0-18",0,0
"2021-07-19","18-40",1,0
"2021-07-19","40-65",1,0
"2021-07-19","65+",0,0
"2021-07-20","0-18",4,0
"2021-07-20","18-40",3,0
"2021-07-20","40-65",3,0
"2021-07-20","65+",0,0
"2021-07-21","0-18",0,0
"2021-07-21","18-40",7,0
"2021-07-21","40-65",5,0
"2021-07-21","65+",0,0
"2021-07-22","0-18",3,0
"2021-07-22","18-40",1,0
"2021-07-22","40-65",1,0
"2021-07-22","65+",0,0
"2021-07-23","0-18",1,0
"2021-07-23","18-40",1,0
"2021-07-23","40-65",1,0
"2021-07-23","65+",0,0
"2021-07-24","0-18",1,0
"2021-07-24","18-40",1,0
"2021-07-24","40-65",0,0
"2021-07-24","65+",0,0
"2021-07-25","0-18",1,0
"2021-07-25","18-40",2,0
"2021-07-25","40-65",1,0
"2021-07-25","65+",0,0
"2021-07-26","0-18",2,0
"2021-07-26","18-40",0,0
"2021-07-26","40-65",2,0
"2021-07-26","65+",1,0
"2021-07-27","0-18",0,0
"2021-07-27","18-40",1,0
"2021-07-27","40-65",1,0
"2021-07-27","65+",6,1
"2021-07-28","0-18",7,0
"2021-07-28","18-40",1,0
"2021-07-28","40-65",0,0
"2021-07-28","65+",0,0
"2021-07-29","0-18",0,0
"2021-07-29","18-40",7,0
"2021-07-29","40-65",2,0
"2021-07-29","65+",0,0
"2021-07-30","0-18",0,0
"2021-07-30","18-40",3,0
"2021-07-30","40-65",1,0
"2021-07-30","65+",0,0
"2021-07-31","0-18",2,0
"2021-07-31","18-40",3,0
"2021-07-31","40-65",2,0
"2021-07-31","65+",1,0
"2021-08-01","0-18",0,0
"2021-08-01","18-40",1,0
"2021-08-01","40-65",0,0
"2021-08-01","65+",0,0
"2021-08-02","0-18",1,0
"2021-08-02","18-40",1,0
"2021-08-02","40-65",1,0
"2021-08-02","65+",0,0
"2021-08-03","0-18",3,0
"2021-08-03","18-40",4,0
"2021-08-03","40-65",2,0
"2021-08-03","65+",2,0
"2021-08-04","0-18",4,0
"2021-08-04","18-40",6,0
"2021-08-04","40-65",5,0
"2021-08-04","65+",0,0
"2021-08-05","0-18",5,0
"2021-08-05","18-40",2,0
"2021-08-05","40-65",2,0
"2021-08-05","65+",0,0
"2021-08-06","0-18",6,0
"2021-08-06","18-40",4,0
"2021-08-06","40-65",4,0
"2021-08-06","65+",0,0
"2021-08-07","0-18",3,0
"2021-08-07","18-40",8,0
"2021-08-07","40-65",1,0
"2021-08-07","65+",1,0
"2021-08-08","0-18",2,0
"2021-08-08","18-40",0,0
"2021-08-08","40-65",0,0
"2021-08-08","65+",3,0
"2021-08-09","0-18",3,0
"2021-08-09","18-40",6,0
"2021-08-09","40-65",1,0
"2021-08-09","65+",3,0
"2021-08-10","0-18",5,0
"2021-08-10","18-40",7,0
"2021-08-10","40-65",4,0
"2021-08-10","65+",2,0
"2021-08-11","0-18",7,0
"2021-08-11","18-40",4,0
"2021-08-11","40-65",5,0
"2021-08-11","65+",4,0
"2021-08-12","0-18",8,0
"2021-08-12","18-40",7,0
"2021-08-12","40-65",1,0
"2021-08-12","65+",2,0
"2021-08-13","0-18",4,0
"2021-08-13","18-40",18,0
"2021-08-13","40-65",4,0
"2021-08-13","65+",0,0
"2021-08-14","0-18",7,0
"2021-08-14","18-40",6,0
"2021-08-14","40-65",3,0
"2021-08-14","65+",1,0
"2021-08-15","0-18",1,0
"2021-08-15","18-40",6,0
"2021-08-15","40-65",1,0
"2021-08-15","65+",0,0
"2021-08-16","0-18",7,0
"2021-08-16","18-40",5,0
"2021-08-16","40-65",8,0
"2021-08-16","65+",1,0
"2021-08-17","0-18",4,0
"2021-08-17","18-40",7,0
"2021-08-17","40-65",7,0
"2021-08-17","65+",0,0
"2021-08-18","0-18",3,0
"2021-08-18","18-40",15,0
"2021-08-18","40-65",5,0
"2021-08-18","65+",1,0
"2021-08-19","0-18",3,0
"2021-08-19","18-40",10,0
"2021-08-19","40-65",6,0
"2021-08-19","65+",0,0
"2021-08-20","0-18",4,0
"2021-08-20","18-40",6,0
"2021-08-20","40-65",6,0
"2021-08-20","65+",0,0
"2021-08-21","0-18",3,0
"2021-08-21","18-40",6,0
"2021-08-21","40-65",4,0
"2021-08-21","65+",14,0
"2021-08-22","0-18",8,0
"2021-08-22","18-40",6,0
"2021-08-22","40-65",3,0
"2021-08-22","65+",0,0
"2021-08-23","0-18",4,0
"2021-08-23","18-40",7,0
"2021-08-23","40-65",3,0
"2021-08-23","65+",1,0
"2021-08-24","0-18",8,0
"2021-08-24","18-40",10,0
"2021-08-24","40-65",5,0
"2021-08-24","65+",2,0
"2021-08-25","0-18",13,0
"2021-08-25","18-40",10,0
"2021-08-25","40-65",4,0
"2021-08-25","65+",0,0
"2021-08-26","0-18",16,0
"2021-08-26","18-40",15,0
"2021-08-26","40-65",8,0
"2021-08-26","65+",2,0
"2021-08-27","0-18",10,0
"2021-08-27","18-40",8,0
"2021-08-27","40-65",3,0
"2021-08-27","65+",3,0
"2021-08-28","0-18",18,0
"2021-08-28","18-40",10,0
"2021-08-28","40-65",4,0
"2021-08-28","65+",3,0
"2021-08-29","0-18",12,0
"2021-08-29","18-40",9,0
"2021-08-29","40-65",3,0
"2021-08-29","65+",2,0
"2021-08-30","0-18",7,0
"2021-08-30","18-40",7,0
"2021-08-30","40-65",3,0
"2021-08-30","65+",3,0
"2021-08-31","0-18",11,0
"2021-08-31","18-40",5,0
"2021-08-31","40-65",2,0
"2021-08-31","65+",4,0
"2021-09-01","0-18",20,0
"2021-09-01","18-40",24,0
"2021-09-01","40-65",9,0
"2021-09-01","65+",1,0
"2021-09-02","0-18",10,0
"2021-09-02","18-40",7,0
"2021-09-02","40-65",6,0
"2021-09-02","65+",10,0
"2021-09-03","0-18",15,0
"2021-09-03","18-40",13,0
"2021-09-03","40-65",8,0
"2021-09-03","65+",14,0
"2021-09-04","0-18",18,0
"2021-09-04","18-40",8,0
"2021-09-04","40-65",7,0
"2021-09-04","65+",5,0
"2021-09-05","0-18",9,0
"2021-09-05","18-40",9,0
"2021-09-05","40-65",5,0
"2021-09-05","65+",0,0
"2021-09-06","0-18",11,0
"2021-09-06","18-40",8,0
"2021-09-06","40-65",6,0
"2021-09-06","65+",4,0
