"date","N1"
"2020-07-29","2465.8800000000001"
"2020-07-30",
"2020-07-31","1642.28"
"2020-08-01",
"2020-08-02",
"2020-08-03",
"2020-08-04","1226.5699999999999"
"2020-08-05",
"2020-08-06",
"2020-08-07",
"2020-08-08",
"2020-08-09",
"2020-08-10","378.61000000000001"
"2020-08-11",
"2020-08-12","927.99000000000001"
"2020-08-13",
"2020-08-14","1299.21"
"2020-08-15",
"2020-08-16","484.27999999999997"
"2020-08-17",
"2020-08-18","1520.1199999999999"
"2020-08-19",
"2020-08-20",
"2020-08-21",
"2020-08-22","559.98000000000002"
"2020-08-23",
"2020-08-24","535.84000000000003"
"2020-08-25",
"2020-08-26","1156.8599999999999"
"2020-08-27",
"2020-08-28","1300.0699999999999"
"2020-08-29",
"2020-08-30","1948.04"
"2020-08-31",
"2020-09-01","502.04000000000002"
"2020-09-02",
"2020-09-03","754.51999999999998"
"2020-09-04",
"2020-09-05","959.57000000000005"
"2020-09-06",
"2020-09-07","848.57000000000005"
"2020-09-08",
"2020-09-09",
"2020-09-10","357.45999999999998"
"2020-09-11","2208.4400000000001"
"2020-09-12","1038.55"
"2020-09-13","1108.03"
"2020-09-14","3106.8400000000001"
"2020-09-15","4751.54"
"2020-09-16","843.42999999999995"
"2020-09-17","274.89999999999998"
"2020-09-18","542.13"
"2020-09-19","3198.2399999999998"
"2020-09-20","3226.7800000000002"
"2020-09-21","3762"
"2020-09-22","1067.96"
"2020-09-23","3156.1900000000001"
"2020-09-24","2023.4400000000001"
"2020-09-25","1919.46"
"2020-09-26","3428.46"
"2020-09-27","4724.46"
"2020-09-28","2125.2800000000002"
"2020-09-29","2117.4699999999998"
"2020-09-30","8061.0600000000004"
"2020-10-01","4273.96"
"2020-10-02","5508.29"
"2020-10-03","8259.4599999999991"
"2020-10-04","6437.1599999999999"
"2020-10-05","3520.0700000000002"
"2020-10-06","3935.4499999999998"
"2020-10-07","3407.9899999999998"
"2020-10-08","5918.4200000000001"
"2020-10-09","2615.0700000000002"
"2020-10-10","7875.5500000000002"
"2020-10-11","1854.8599999999999"
"2020-10-12","4862.25"
"2020-10-13","6616.0699999999997"
"2020-10-14","13233.43"
"2020-10-15","6461.5600000000004"
"2020-10-16","7438.2200000000003"
"2020-10-17","6483.3599999999997"
"2020-10-18","8067.75"
"2020-10-19","4459.8400000000001"
"2020-10-20","7809.2700000000004"
"2020-10-21","5123.6000000000004"
"2020-10-22","4614.6199999999999"
"2020-10-23","13765.57"
"2020-10-24","16527.810000000001"
"2020-10-25","7538.0799999999999"
"2020-10-26","9248.6100000000006"
"2020-10-27","6077.5200000000004"
"2020-10-28","3288.04"
"2020-10-29","4837.8199999999997"
"2020-10-30","1436.48"
"2020-10-31","1049"
"2020-11-01","1666.3399999999999"
"2020-11-02","9855.3099999999995"
"2020-11-03","6755.7200000000003"
"2020-11-04","9090.3999999999996"
"2020-11-05","4254.8199999999997"
"2020-11-06","5944.2700000000004"
"2020-11-07","9793.2700000000004"
"2020-11-08","4975.7600000000002"
"2020-11-09","9036.5200000000004"
"2020-11-10",
"2020-11-11","6244.2700000000004"
"2020-11-12","10013.530000000001"
"2020-11-13","4527.46"
"2020-11-14","11249.540000000001"
"2020-11-15","6496.7799999999997"
"2020-11-16","3776.6500000000001"
"2020-11-17","1459.95"
"2020-11-18","2051.5700000000002"
"2020-11-19","11149.450000000001"
"2020-11-20","5949.6800000000003"
"2020-11-21","8300.9500000000007"
"2020-11-22","3189"
"2020-11-23","4803.7200000000003"
"2020-11-24","6962.6800000000003"
"2020-11-25","1387.6400000000001"
"2020-11-26","4924.1099999999997"
"2020-11-27","5476.9399999999996"
"2020-11-28","4410.9499999999998"
"2020-11-29","4348.4300000000003"
"2020-11-30","8384.8400000000001"
"2020-12-01","3120.1700000000001"
"2020-12-02","7491.4499999999998"
"2020-12-03","4670.9200000000001"
"2020-12-04","5045.3699999999999"
"2020-12-05","11388.49"
"2020-12-06","7611.2200000000003"
"2020-12-07","6180.7200000000003"
"2020-12-08","10426.620000000001"
"2020-12-09","3880.9099999999999"
"2020-12-10","3526.5900000000001"
"2020-12-11","4534.1199999999999"
"2020-12-12","6149.29"
"2020-12-13","12323.059999999999"
"2020-12-14","5894.54"
"2020-12-15","5483.8800000000001"
"2020-12-16","1034.3900000000001"
"2020-12-17","2443.1700000000001"
"2020-12-18","3929.2800000000002"
"2020-12-19","6104.8100000000004"
"2020-12-20","2802.0300000000002"
"2020-12-21","3312.1999999999998"
"2020-12-22","1634.96"
"2020-12-23","10310.940000000001"
"2020-12-24","8700.7600000000002"
"2020-12-25","2846.8099999999999"
"2020-12-26","3751.5300000000002"
"2020-12-27","1462.21"
"2020-12-28","3360.54"
"2020-12-29","2260.8699999999999"
"2020-12-30","5939.7600000000002"
"2020-12-31","5208.6599999999999"
"2021-01-01","18077.849999999999"
"2021-01-02","17226.689999999999"
"2021-01-03","11507.040000000001"
"2021-01-04","6821.1099999999997"
"2021-01-05","9269.3099999999995"
"2021-01-06","14129.42"
"2021-01-07","4725.3599999999997"
"2021-01-08","5246.3500000000004"
"2021-01-09","5650.4499999999998"
"2021-01-10","2576.2600000000002"
"2021-01-11","2079.9200000000001"
"2021-01-12","1725.47"
"2021-01-13","6401.5"
"2021-01-14","2913.96"
"2021-01-15","4914.6999999999998"
"2021-01-16","4954.4499999999998"
"2021-01-17","4954.4499999999998"
"2021-01-18","4798.7600000000002"
"2021-01-19","3323.6300000000001"
"2021-01-20","2000.8800000000001"
"2021-01-21","3340.5500000000002"
"2021-01-22","3804.27"
"2021-01-23","2432.9499999999998"
"2021-01-24","3929.1799999999998"
"2021-01-25",
"2021-01-26","4347.1000000000004"
"2021-01-27","3679.1199999999999"
"2021-01-28","2419"
"2021-01-29","6610.8100000000004"
"2021-01-30","8289.6499999999996"
"2021-01-31","1346.6800000000001"
"2021-02-01","1229.9100000000001"
"2021-02-02","2810.29"
"2021-02-03","2235.3699999999999"
"2021-02-04","2762.98"
"2021-02-05","1607.3199999999999"
"2021-02-06","1405.1600000000001"
"2021-02-07","2521.71"
"2021-02-08","1480.8"
"2021-02-09",
"2021-02-10","1876.99"
"2021-02-11","2182.0599999999999"
"2021-02-12","3157.8400000000001"
"2021-02-13","5683.79"
"2021-02-14","2090.8000000000002"
"2021-02-15","1150.8900000000001"
"2021-02-16","2422.54"
"2021-02-17","1250.73"
"2021-02-18","2485.6500000000001"
"2021-02-19","1661.96"
"2021-02-20","3614.4000000000001"
"2021-02-21","1170.3800000000001"
"2021-02-22","2144.6500000000001"
"2021-02-23","2670.1999999999998"
"2021-02-24","1027.8"
"2021-02-25",
"2021-02-26","3552.0999999999999"
"2021-02-27","5623.7399999999998"
"2021-02-28","7837.8800000000001"
"2021-03-01","7653.21"
"2021-03-02","14660.049999999999"
"2021-03-03","18283.459999999999"
"2021-03-04",
"2021-03-05","6248.79"
"2021-03-06","6374.0500000000002"
"2021-03-07","5690.25"
"2021-03-08","3373.5700000000002"
"2021-03-09","1976.95"
"2021-03-10","20521.77"
"2021-03-11","968.21000000000004"
"2021-03-12","1733.5999999999999"
"2021-03-13","2962.4499999999998"
"2021-03-14","4637.79"
"2021-03-15","6799.1400000000003"
"2021-03-16","9567.0599999999995"
"2021-03-17","3241.5599999999999"
"2021-03-18","1665.77"
"2021-03-19","1340.1199999999999"
"2021-03-20","1297.9300000000001"
"2021-03-21","868.15999999999997"
"2021-03-22","1374.77"
"2021-03-23","3651.8200000000002"
"2021-03-24","3637.8699999999999"
"2021-03-25","1227.9000000000001"
"2021-03-26","1579.9000000000001"
"2021-03-27","2073.29"
"2021-03-28","6361.4700000000003"
"2021-03-29","7197.0699999999997"
"2021-03-30","16243.040000000001"
"2021-03-31","334.98000000000002"
"2021-04-01","9647.6299999999992"
"2021-04-02","7515.1400000000003"
"2021-04-03","4948.1999999999998"
"2021-04-04","11857.549999999999"
"2021-04-05","9555.3799999999992"
"2021-04-06","4505.8500000000004"
"2021-04-07","4258.6700000000001"
"2021-04-08","7448.3599999999997"
"2021-04-09","3856.6300000000001"
"2021-04-10","4094.79"
"2021-04-11","4148.0299999999997"
"2021-04-12","6858.3599999999997"
"2021-04-13","9771.8600000000006"
"2021-04-14","0"
"2021-04-15","10968.18"
"2021-04-16","6013.8800000000001"
"2021-04-17","6343.5600000000004"
"2021-04-18","4227.0299999999997"
"2021-04-19","6487.9099999999999"
"2021-04-20","5157.1099999999997"
"2021-04-21","8712.8400000000001"
"2021-04-22","5226.1899999999996"
"2021-04-23","4815.9700000000003"
"2021-04-24","8595.6499999999996"
"2021-04-25","2533.0700000000002"
"2021-04-26","4502.7799999999997"
"2021-04-27","3634.8899999999999"
"2021-04-28","5133.7299999999996"
"2021-04-29","2694.6999999999998"
"2021-04-30","4744.6899999999996"
"2021-05-01","5964.1000000000004"
"2021-05-02","0"
"2021-05-03","3874.4000000000001"
"2021-05-04","4352.3299999999999"
"2021-05-05","3357.27"
"2021-05-06","5902.8999999999996"
"2021-05-07","5557.8400000000001"
"2021-05-08","5428.9300000000003"
"2021-05-09","2680.1900000000001"
"2021-05-10","4213.4200000000001"
"2021-05-11","5987.5500000000002"
"2021-05-12","4845.3900000000003"
"2021-05-13","4355.8299999999999"
"2021-05-14","5040.4200000000001"
"2021-05-15","4599.2200000000003"
"2021-05-16","2814.9299999999998"
"2021-05-17","3042.2800000000002"
"2021-05-18","1911.0999999999999"
"2021-05-19","3123.1399999999999"
"2021-05-20","1519.5799999999999"
"2021-05-21","1044.6400000000001"
"2021-05-22","1179.3800000000001"
"2021-05-23","1991.1600000000001"
"2021-05-24","2185.0999999999999"
"2021-05-25","2768.9000000000001"
"2021-05-26","3200.0500000000002"
"2021-05-27","4970.8699999999999"
"2021-05-28","2892.27"
"2021-05-29","3048.6199999999999"
"2021-05-30","3133.79"
"2021-05-31","2387.6799999999998"
"2021-06-01","2729.04"
"2021-06-02","1573.97"
"2021-06-03","3655.6599999999999"
"2021-06-04","888.20000000000005"
"2021-06-05","301.75999999999999"
"2021-06-06",
"2021-06-07","689.52999999999997"
"2021-06-08","2081.4000000000001"
"2021-06-09","1272.29"
"2021-06-10","2373.6300000000001"
"2021-06-11","4013.8200000000002"
"2021-06-12","2945.9499999999998"
"2021-06-13","2544.5900000000001"
"2021-06-14","1704.5899999999999"
"2021-06-15","1381.47"
"2021-06-16","1169.4400000000001"
"2021-06-17","938.32000000000005"
"2021-06-18","1536.1099999999999"
"2021-06-19","2136.3699999999999"
"2021-06-20","3728.8600000000001"
"2021-06-21","2400.48"
"2021-06-22","704.88999999999999"
"2021-06-23","549.71000000000004"
"2021-06-24","1997.54"
"2021-06-25","641.20000000000005"
"2021-06-26","1347.1300000000001"
"2021-06-27","920.82000000000005"
"2021-06-28","1212.3399999999999"
"2021-06-29","4934.1000000000004"
"2021-06-30","838.13999999999999"
"2021-07-01","596.47000000000003"
"2021-07-02","802.70000000000005"
"2021-07-03","1360.9300000000001"
"2021-07-04","436.02999999999997"
"2021-07-05","1453.21"
"2021-07-06","522.41999999999996"
"2021-07-07","707.90999999999997"
"2021-07-08","710.37"
"2021-07-09","944.96000000000004"
"2021-07-10","1002.09"
"2021-07-11","643.84000000000003"
"2021-07-12","764.44000000000005"
"2021-07-13","1440.8399999999999"
"2021-07-14","690.96000000000004"
"2021-07-15","772.01999999999998"
"2021-07-16","1359.78"
"2021-07-17","1366.53"
"2021-07-18","593.84000000000003"
"2021-07-19","677.38999999999999"
"2021-07-20","790.5"
"2021-07-21","1440.3699999999999"
"2021-07-22","715.47000000000003"
"2021-07-23","629.64999999999998"
"2021-07-24","592.73000000000002"
"2021-07-25","394.75999999999999"
"2021-07-26","1003.65"
"2021-07-27","1540.0999999999999"
"2021-07-28","3666.3299999999999"
"2021-07-29","1071.74"
"2021-07-30","3004.52"
"2021-07-31","1269.6199999999999"
"2021-08-01","649.80999999999995"
"2021-08-02","551.63999999999999"
"2021-08-03","2039.9300000000001"
"2021-08-04","983.74000000000001"
"2021-08-05","1215.3299999999999"
"2021-08-06","529.58000000000004"
"2021-08-07","311.94999999999999"
"2021-08-08","577.54999999999995"
"2021-08-09","598.92999999999995"
"2021-08-10","1510.25"
"2021-08-11","1697.0899999999999"
"2021-08-12","453.75"
"2021-08-13","735.63"
"2021-08-14","1004.9"
"2021-08-15","993.61000000000001"
"2021-08-16","982.5"
"2021-08-17","766.19000000000005"
"2021-08-18","757.29999999999995"
"2021-08-19","885.69000000000005"
"2021-08-20","147.56999999999999"
"2021-08-21","518.47000000000003"
"2021-08-22","457.98000000000002"
"2021-08-23","657.89999999999998"
"2021-08-24","967.11000000000001"
"2021-08-25","1574.24"
"2021-08-26","657.37"
"2021-08-27","503.29000000000002"
"2021-08-28","472.04000000000002"
"2021-08-29","418.44"
"2021-08-30","407.83999999999997"
"2021-08-31","465.49000000000001"
"2021-09-01","420.01999999999998"
"2021-09-02","551.08000000000004"
"2021-09-03","308.66000000000003"
"2021-09-04","223.37"
"2021-09-05","200.84"
"2021-09-06","443.63"
